会話ID,長単位連番,文頭フラグ,話者ラベル,書字形,語彙素読み,語彙素,品詞,活用型,活用形,語種,語彙素細分類,語形,タグ付き書字形,発音形出現形,発音,発話単位の開始時刻,発話単位の終了時刻,転記単位の開始時刻,転記単位の終了時刻,仮名,文節頭フラグ
K008_001a,1,B,IC02_鶴賀,これ,コレ,此れ,代名詞,,,和,,コレ,これ ,コレ,コレ,0.160,1.308,0.160,1.308,0,B
K008_001a,2,I,IC02_鶴賀,久美ちゃん,クミチャン,久美ちゃん,名詞-固有名詞-人名-名,,,固,,クミチャン,(R 久美)ちゃん ,クミチャン,クミチャン,0.160,1.308,0.160,1.308,1,B
K008_001a,3,I,IC02_鶴賀,注い,ツグ,注ぐ,動詞-一般,五段-ガ行,連用形-イ音便,和,,ツグ,(Y ツイ|注い),ツイ,ツイ,0.160,1.308,0.160,1.308,0,B
K008_001a,4,I,IC02_鶴賀,で,テ,て,助詞-接続助詞,,,和,,デ,で?。,デ,デ,0.160,1.308,0.160,1.308,0,I
K008_001a,5,B,IC03_久美,はい,ハイ,はい,感動詞-一般,,,和,,ハイ,はい。,ハイ,ハイ,1.365,1.519,1.365,1.519,0,B
K008_001a,6,B,IC03_久美,はい,ハイ,はい,感動詞-一般,,,和,,ハイ,はい。,ハイ,ハイ,2.132,2.306,2.132,2.306,0,B
K008_001a,7,B,IC03_久美,じゃあ,デ,で,接続詞,,,和,,ジャア,じゃあ,ジャー,ジャー,2.339,3.821,2.339,2.57,0,B
K008_001a,8,I,IC03_久美,深石さん,フカイシサン,深石さん,名詞-固有名詞-人名-姓,,,固,,フカイシサン,(R 深石)さん,フカイシサン,フカイシサン,2.339,3.821,2.9,3.821,1,B
K008_001a,9,I,IC03_久美,に,ニ,に,助詞-格助詞,,,和,,ニ,に。,ニ,ニ,2.339,3.821,2.9,3.821,0,I
K008_001a,10,B,IC01_深石,あー,アア,ああ,感動詞-一般,,,和,,アア,あー。,アー,アー,2.873,3.365,2.873,3.365,0,B
K008_001a,11,B,IC01_深石,すいません,スミマセン,済みません,感動詞-一般,,,和,,スイマセヌ,すいません。,スイマセン,スイマセン,3.365,4.036,3.365,4.036,0,B
K008_001a,12,B,IC02_鶴賀,うん,ウン,うん,感動詞-一般,,,和,,ウン,うん。,ウン,ウン,3.483,3.800,3.483,3.800,0,B
K008_001a,13,B,IC01_深石,ありがとう,アリガトウ,有り難う,感動詞-一般,,,和,,アリガトウ,ありがとう,アリガトー,アリガトー,4.036,5.503,4.036,5.503,0,B
K008_001a,14,I,IC01_深石,ござい,ゴザル,御座る,動詞-一般,五段-ラ行,連用形-イ音便,混,,ゴザル,ござい,ゴザイ,ゴザイ,4.036,5.503,4.036,5.503,0,B
K008_001a,15,I,IC01_深石,ます,マス,ます,助動詞,助動詞-マス,終止形-一般,和,,マス,ま:(T す)。,マス,マース,4.036,5.503,4.036,5.503,0,I
K008_001a,16,B,IC01_深石,すいません,スミマセン,済みません,感動詞-一般,,,和,,スイマセヌ,すいません。,スイマセン,スイマセン,11.669,12.487,11.669,12.487,0,B
K008_001a,17,B,IC03_久美,おー,オオ,おお,感動詞-一般,,,和,,オオ,(T おー)。,オー,オー,12.046,12.265,12.046,12.265,0,B
K008_001a,18,B,IC03_久美,あ,アッ,あっ,感動詞-一般,,,和,,ア,あ。,ア,ア,12.390,12.475,12.390,12.475,0,B
K008_001a,19,B,IC03_久美,じゃ,デ,で,接続詞,,,和,,ジャ,じゃ ,ジャ,ジャ,12.475,14.517,12.475,14.517,0,B
K008_001a,20,I,IC03_久美,わたし,ワタシ,私,代名詞,,,和,,ワタシ,わたし ,ワタシ,ワタシ,12.475,14.517,12.475,14.517,0,B
K008_001a,21,I,IC03_久美,わたし,ワタシ,私,代名詞,,,和,,ワタシ,わたし,ワタシ,ワタシ,12.475,14.517,12.475,14.517,0,B
K008_001a,22,I,IC03_久美,も,モ,も,助詞-係助詞,,,和,,モ,も,モ,モ,12.475,14.517,12.475,14.517,0,I
K008_001a,23,I,IC03_久美,少し,スコシ,少し,副詞,,,和,,スコシ,少し,スコシ,スコシ,12.475,14.517,12.475,14.517,0,B
K008_001a,24,I,IC03_久美,いただこっ,イタダク,頂く,動詞-一般,五段-カ行,意志推量形,和,,イタダク,いただこっ,イタダコッ,イタダコッ,12.475,14.517,12.475,14.517,0,B
K008_001a,25,I,IC03_久美,か,カ,か,助詞-終助詞,,,和,,カ,か,カ,カ,12.475,14.517,12.475,14.517,0,I
K008_001a,26,I,IC03_久美,な,ナ,な,助詞-終助詞,,,和,,ナ,な。,ナ,ナ,12.475,14.517,12.475,14.517,0,I
K008_001a,27,B,IC01_深石,じゃあ,デ,で,接続詞,,,和,,ジャア,じゃあ。,ジャー,ジャー,12.583,12.794,12.583,12.794,0,B
K008_001a,28,B,IC01_深石,どれ,ドレ,何れ,代名詞,,,和,,ドレ,(U どれ)。,ドレ,ドレ,13.065,13.389,13.065,13.389,0,B
K008_001a,29,B,IC01_深石,はい,ハイ,はい,感動詞-一般,,,和,,ハイ,はい,ハイ,ハイ,13.782,15.055,13.782,14.057,0,B
K008_001a,30,I,IC01_深石,はーい,ハイ,はい,感動詞-一般,,,和,,ハアイ,はーい。,ハーイ,ハーイ,13.782,15.055,14.125,15.055,0,B
K008_001a,31,B,IC03_久美,最初,サイショ,最初,名詞-普通名詞-一般,,,漢,,サイショ,最初,サイショ,サイショ,14.517,16.049,14.517,15.041,0,B
K008_001a,32,I,IC03_久美,は,ハ,は,助詞-係助詞,,,和,,ハ,は,ワ,ワ,14.517,16.049,14.517,15.041,0,I
K008_001a,33,I,IC03_久美,ノンアル,ノンアル,ノンアル,名詞-普通名詞-一般,,,外,,ノンアル,ノン(L アル),ノンアル,ノンアル,14.517,16.049,15.359,16.049,0,B
K008_001a,34,I,IC03_久美,で,デ,で,助詞-格助詞,,,和,,デ,で。,デ,デ,14.517,16.049,15.359,16.049,0,I
K008_001a,35,B,IC03_久美,あ,アッ,あっ,感動詞-一般,,,和,,ア,あ。,ア,ア,16.321,16.416,16.321,16.416,0,B
K008_001a,36,B,IC03_久美,すきっ腹,スキバラ,空き腹,名詞-普通名詞-一般,,,和,,スキッパラ,すきっ腹,スキッパラ,スキッパラ,16.416,17.369,16.416,17.369,0,B
K008_001a,37,I,IC03_久美,だ,ダ,だ,助動詞,助動詞-ダ,終止形-一般,和,,ダ,(L だ,ダ,ダ,16.416,17.369,16.416,17.369,0,I
K008_001a,38,I,IC03_久美,から,カラ,から,助詞-接続助詞,,,和,,カラ,から)。,カラ,カラ,16.416,17.369,16.416,17.369,0,I
K008_001a,39,B,IC01_深石,はーい,ハイ,はい,感動詞-一般,,,和,,ハアイ,(T はーい)。,ハーイ,ハーイ,16.581,17.164,16.581,17.164,0,B
K008_001a,40,B,IC01_深石,そう,ソウ,そう,副詞,,,和,,ソウ,そう,ソー,ソー,17.390,18.542,17.390,18.542,0,B
K008_001a,41,I,IC01_深石,です,デス,です,助動詞,助動詞-デス,終止形-一般,和,,デス,です,デス,デス,17.390,18.542,17.390,18.542,0,I
K008_001a,42,I,IC01_深石,よ,ヨ,よ,助詞-終助詞,,,和,,ヨ,よ,ヨ,ヨ,17.390,18.542,17.390,18.542,0,I
K008_001a,43,I,IC01_深石,ね,ネ,ね,助詞-終助詞,,,和,,ネ,ね:。,ネ,ネー,17.390,18.542,17.390,18.542,0,I
K008_001a,44,B,IC03_久美,◇,,,形態論情報付与対象外,,,,,,(L ◇),◇,◇,17.767,18.071,17.767,18.071,0,B
K008_001a,45,B,IC01_深石,＃,,,言いよどみ,,,,,,(D ＃) ,＃,＃,21.621,22.391,21.621,22.391,0,B
K008_001a,46,I,IC01_深石,こんな,コンナ,こんな,連体詞,,,和,,コンナ,こんな,コンナ,コンナ,21.621,22.391,21.621,22.391,0,B
K008_001a,47,I,IC01_深石,もん,モノ,物,名詞-普通名詞-一般,,,和,,モン,もん?。,モン,モン,21.621,22.391,21.621,22.391,0,B
K008_001a,48,B,IC02_鶴賀,あたし,ワタシ,私,代名詞,,,和,,アタシ,あたし,アタシ,アタシ,22.471,25.260,22.471,23.305,0,B
K008_001a,49,I,IC02_鶴賀,は,ハ,は,助詞-係助詞,,,和,,ハ,は,ワ,ワ,22.471,25.260,22.471,23.305,0,I
K008_001a,50,I,IC02_鶴賀,ね,ネ,ね,助詞-終助詞,,,和,,ネ,ね:,ネ,ネー,22.471,25.260,22.471,23.305,0,I
K008_001a,51,I,IC02_鶴賀,ビ,,,言いよどみ,,,,,,(D ビ),ビ,ビ,22.471,25.260,24.2,24.507,0,B
K008_001a,52,I,IC02_鶴賀,ビール,ビール,ビール,名詞-普通名詞-一般,,,外,beer,ビール,ビール,ビール,ビール,22.471,25.260,24.673,25.260,0,B
K008_001a,53,I,IC02_鶴賀,で,デ,で,助詞-格助詞,,,和,,デ,で,デ,デ,22.471,25.260,24.673,25.260,0,I
K008_001a,54,I,IC02_鶴賀,いく,イク,行く,動詞-一般,五段-カ行,終止形-一般,和,,イク,いく。,イク,イク,22.471,25.260,24.673,25.260,0,B
K008_001a,55,B,IC01_深石,もう,モウ,もう,副詞,,,和,,モウ,もう,モー,モー,22.851,23.337,22.851,23.337,0,B
K008_001a,56,I,IC01_深石,ちょっと,チョット,一寸,副詞,,,和,,チョット,ちょっと。,チョット,チョット,22.851,23.337,22.851,23.337,0,B
K008_001a,57,B,IC01_深石,あ,アッ,あっ,感動詞-一般,,,和,,ア,あ。,ア,ア,23.337,23.448,23.337,23.448,0,B
K008_001a,58,B,IC01_深石,ごめんなさい,ゴメンナサイ,御免為さい,感動詞-一般,,,混,,ゴメンナサル,ごめんなさい,ゴメンナサイ,ゴメンナサイ,23.448,24.111,23.448,24.111,0,B
K008_001a,59,I,IC01_深石,ね,ネ,ね,助詞-終助詞,,,和,,ネ,ね。,ネ,ネ,23.448,24.111,23.448,24.111,0,I
K008_001a,60,B,IC03_久美,すいません,スミマセン,済みません,感動詞-一般,,,和,,スイマセヌ,(T すいません)。,スイマセン,スイマセン,23.847,24.501,23.847,24.501,0,B
K008_001a,61,B,IC01_深石,どっち,ドチラ,何方,代名詞,,,和,,ドッチ,どっち:?。,ドッチ,ドッチー,24.920,25.288,24.920,25.288,0,B
K008_001a,62,B,IC01_深石,ん,ン,ん,感動詞-一般,,,和,,ン,ん。,ン,ン,25.348,25.437,25.348,25.437,0,B
K008_001a,63,B,IC01_深石,ビール,ビール,ビール,名詞-普通名詞-一般,,,外,beer,ビール,ビール,ビール,ビール,25.556,25.978,25.556,25.978,0,B
K008_001a,64,I,IC01_深石,で,デ,で,助詞-格助詞,,,和,,デ,で。,デ,デ,25.556,25.978,25.556,25.978,0,I
K008_001a,65,B,IC03_久美,すいません,スミマセン,済みません,感動詞-一般,,,和,,スイマセヌ,すいま(T (U せん))。,スイマセン,スイマセン,25.628,26.097,25.628,26.097,0,B
K008_001a,66,B,IC02_鶴賀,ビ,,,言いよどみ,,,,,,(D ビ) ,ビ,ビ,25.883,26.646,25.883,26.646,0,B
K008_001a,67,I,IC02_鶴賀,ビール,ビール,ビール,名詞-普通名詞-一般,,,外,beer,ビール,ビール,ビール,ビール,25.883,26.646,25.883,26.646,0,B
K008_001a,68,I,IC02_鶴賀,で,デ,で,助詞-格助詞,,,和,,デ,で,デ,デ,25.883,26.646,25.883,26.646,0,I
K008_001a,69,I,IC02_鶴賀,いく,イク,行く,動詞-一般,五段-カ行,終止形-一般,和,,イク,(U いく)。,イク,イク,25.883,26.646,25.883,26.646,0,B
K008_001a,70,B,IC03_久美,もう,モウ,もう,副詞,,,和,,モウ,もう,モー,モー,26.379,28.627,26.379,28.627,0,B
K008_001a,71,I,IC03_久美,少し,スコシ,少し,副詞,,,和,,スコシ,少し,スコシ,スコシ,26.379,28.627,26.379,28.627,0,B
K008_001a,72,I,IC03_久美,だけ,ダケ,だけ,助詞-副助詞,,,和,,ダケ,だけ ,ダケ,ダケ,26.379,28.627,26.379,28.627,0,I
K008_001a,73,I,IC03_久美,これ,コレ,此れ,代名詞,,,和,,コレ,これ ,コレ,コレ,26.379,28.627,26.379,28.627,0,B
K008_001a,74,I,IC03_久美,上げ,アゲル,上げる,動詞-一般,下一段-ガ行,連用形-一般,和,,アゲル,上げ,アゲ,アゲ,26.379,28.627,26.379,28.627,0,B
K008_001a,75,I,IC03_久美,てもらっ,テモラウ,てもらう,助動詞,五段-ワア行,連用形-促音便,和,,テモラウ,てもらっ,テモラッ,テモラッ,26.379,28.627,26.379,28.627,0,I
K008_001a,76,I,IC03_久美,て,テ,て,助詞-接続助詞,,,和,,テ,て ,テ,テ,26.379,28.627,26.379,28.627,0,I
K008_001a,77,I,IC03_久美,いい,ヨイ,良い,形容詞-一般,形容詞,終止形-一般,和,,イイ,いい?。,イー,イー,26.379,28.627,26.379,28.627,0,B
K008_001a,78,B,IC02_鶴賀,うん,ウン,うん,感動詞-一般,,,和,,ウン,うん。,ウン,ウン,27.921,28.054,27.921,28.054,0,B
K008_001a,79,B,IC02_鶴賀,いい,ヨイ,良い,形容詞-一般,形容詞,終止形-一般,和,,イイ,いい,イー,イー,28.054,28.503,28.054,28.503,0,B
K008_001a,80,I,IC02_鶴賀,よ,ヨ,よ,助詞-終助詞,,,和,,ヨ,よ。,ヨ,ヨ,28.054,28.503,28.054,28.503,0,I
K008_001a,81,B,IC03_久美,ごめん,ゴメン,御免,名詞-普通名詞-一般,,,漢,,ゴメン,ごめん,ゴメン,ゴメン,28.662,29.128,28.662,29.128,0,B
K008_001a,82,I,IC03_久美,ね,ネ,ね,助詞-終助詞,,,和,,ネ,ね。,ネ,ネ,28.662,29.128,28.662,29.128,0,I
K008_001a,83,B,IC02_鶴賀,でも,デモ,でも,接続詞,,,和,,デモ,でも ,デモ,デモ,29.347,30.880,29.347,30.880,0,B
K008_001a,84,I,IC02_鶴賀,あたし,ワタシ,私,代名詞,,,和,,アタシ,あたし,アタシ,アタシ,29.347,30.880,29.347,30.880,0,B
K008_001a,85,I,IC02_鶴賀,の,ノ,の,助詞-格助詞,,,和,,ノ,の,ノ,ノ,29.347,30.880,29.347,30.880,0,I
K008_001a,86,I,IC02_鶴賀,声,コエ,声,名詞-普通名詞-一般,,,和,,コエ,声 ,コエ,コエ,29.347,30.880,29.347,30.880,0,B
K008_001a,87,I,IC02_鶴賀,大きい,オオキイ,大きい,形容詞-一般,形容詞,終止形-一般,和,,オオキイ,大きい,オーキー,オーキー,29.347,30.880,29.347,30.880,0,B
K008_001a,88,I,IC02_鶴賀,から,カラ,から,助詞-接続助詞,,,和,,カラ,から,カラ,カラ,29.347,30.880,29.347,30.880,0,I
K008_001a,89,I,IC02_鶴賀,ね,ネ,ね,助詞-終助詞,,,和,,ネ,ね:。,ネ,ネー,29.347,30.880,29.347,30.880,0,I
K008_001a,90,B,IC03_久美,あー,アア,ああ,感動詞-一般,,,和,,アア,あー。,アー,アー,30.794,31.142,30.794,31.142,0,B
K008_001a,91,B,IC02_鶴賀,これ,コレ,此れ,代名詞,,,和,,コレ,これ,コレ,コレ,31.817,33.307,31.817,32.08,0,B
K008_001a,92,I,IC02_鶴賀,これ,コレ,此れ,代名詞,,,和,,コレ,これ,コレ,コレ,31.817,33.307,32.499,33.307,0,B
K008_001a,93,I,IC02_鶴賀,は,ハ,は,助詞-係助詞,,,和,,ハ,は,ワ,ワ,31.817,33.307,32.499,33.307,0,I
K008_001a,94,I,IC02_鶴賀,なん,ナニ,何,代名詞,,,和,,ナン,なん,ナン,ナン,31.817,33.307,32.499,33.307,0,B
K008_001a,95,I,IC02_鶴賀,な,ダ,だ,助動詞,助動詞-ダ,連体形-一般,和,,ダ,な,ナ,ナ,31.817,33.307,32.499,33.307,0,I
K008_001a,96,I,IC02_鶴賀,んだ,ノダ,のだ,助動詞,助動詞-ダ,終止形-一般,和,,ンダ,んだ?。,ンダ,ンダ,31.817,33.307,32.499,33.307,0,I
K008_001a,97,B,IC03_久美,はい,ハイ,はい,感動詞-一般,,,和,,ハイ,はい。,ハイ,ハイ,31.894,32.158,31.894,32.158,0,B
K008_001a,98,B,IC03_久美,これ,コレ,此れ,代名詞,,,和,,コレ,これ ,コレ,コレ,33.209,34.347,33.209,34.347,0,B
K008_001a,99,I,IC03_久美,ホワイトビール,ホワイトビール,ホワイトビール,名詞-普通名詞-一般,,,外,,ホワイトビール,ホワイトビール。,ホワイトビール,ホワイトビール,33.209,34.347,33.209,34.347,0,B
K008_001a,100,B,IC02_鶴賀,あー,アア,ああ,感動詞-一般,,,和,,アア,あー。,アー,アー,34.724,34.940,34.724,34.940,0,B
K008_001a,101,B,IC02_鶴賀,これ,コレ,此れ,代名詞,,,和,,コレ,これ ,コレ,コレ,35.389,36.371,35.389,36.371,0,B
K008_001a,102,I,IC02_鶴賀,こう,コウ,こう,副詞,,,和,,コウ,こう,コー,コー,35.389,36.371,35.389,36.371,0,B
K008_001a,103,I,IC02_鶴賀,なっ,ナル,成る,動詞-一般,五段-ラ行,連用形-促音便,和,,ナル,なっ,ナッ,ナッ,35.389,36.371,35.389,36.371,0,B
K008_001a,104,I,IC02_鶴賀,てん,テル,てる,助動詞,下一段-タ行,連体形-撥音便,和,,テル,てん,テン,テン,35.389,36.371,35.389,36.371,0,I
K008_001a,105,I,IC02_鶴賀,の,ノ,の,助詞-準体助詞,,,和,,ノ,の,ノ,ノ,35.389,36.371,35.389,36.371,0,I
K008_001a,106,I,IC02_鶴賀,ね,ネ,ね,助詞-終助詞,,,和,,ネ,ね?。,ネ,ネ,35.389,36.371,35.389,36.371,0,I
K008_001a,107,B,IC03_久美,ベルギービール,ベルギービール,ベルギービール,名詞-普通名詞-一般,,,混,,ベルギービール,ベルギービール。,ベルギービール,ベルギービール,36.410,37.089,36.410,37.089,0,B
K008_001a,108,B,IC02_鶴賀,あー,アア,ああ,感動詞-一般,,,和,,アア,あー。,アー,アー,37.075,37.673,37.075,37.673,0,B
K008_001a,109,B,IC03_久美,そう,ソウ,そう,副詞,,,和,,ソウ,そう ,ソー,ソー,37.089,37.673,37.089,37.673,0,B
K008_001a,110,I,IC03_久美,そう,ソウ,そう,副詞,,,和,,ソウ,そう ,ソー,ソー,37.089,37.673,37.089,37.673,0,B
K008_001a,111,I,IC03_久美,そう,ソウ,そう,副詞,,,和,,ソウ,そう。,ソー,ソー,37.089,37.673,37.089,37.673,0,B
K008_001a,112,B,IC01_深石,あー,アア,ああ,感動詞-一般,,,和,,アア,あー。,アー,アー,37.568,38.725,37.568,38.725,0,B
K008_001a,113,B,IC03_久美,なん,ナニ,何,代名詞,,,和,,ナン,なん,ナン,ナン,38.795,40.670,38.795,40.670,0,B
K008_001a,114,I,IC03_久美,か,カ,か,助詞-副助詞,,,和,,カ,か ,カ,カ,38.795,40.670,38.795,40.670,0,I
K008_001a,115,I,IC03_久美,珍しい,メズラシイ,珍しい,形容詞-一般,形容詞,終止形-一般,和,,メズラシイ,珍(L しい,メズラシー,メズラシー,38.795,40.670,38.795,40.670,0,B
K008_001a,116,I,IC03_久美,か,カ,か,助詞-終助詞,,,和,,カ,か,カ,カ,38.795,40.670,38.795,40.670,0,I
K008_001a,117,I,IC03_久美,な,ナ,な,助詞-終助詞,,,和,,ナ,な ,ナ,ナ,38.795,40.670,38.795,40.670,0,I
K008_001a,118,I,IC03_久美,と,ト,と,助詞-格助詞,,,和,,ト,と,ト,ト,38.795,40.670,38.795,40.670,0,I
K008_001a,119,I,IC03_久美,か,カ,か,助詞-副助詞,,,和,,カ,か,カ,カ,38.795,40.670,38.795,40.670,0,I
K008_001a,120,I,IC03_久美,思っ,オモウ,思う,動詞-一般,五段-ワア行,連用形-促音便,和,,オモウ,思っ,オモッ,オモッ,38.795,40.670,38.795,40.670,0,B
K008_001a,121,I,IC03_久美,て,テ,て,助詞-接続助詞,,,和,,テ,て)。,テ,テ,38.795,40.670,38.795,40.670,0,I
K008_001a,122,B,IC02_鶴賀,じゃ,デ,で,接続詞,,,和,,ジャ,じゃ ,ジャ,ジャ,38.797,39.681,38.797,39.681,0,B
K008_001a,123,I,IC02_鶴賀,あたし,ワタシ,私,代名詞,,,和,,アタシ,あたし,アタシ,アタシ,38.797,39.681,38.797,39.681,0,B
K008_001a,124,I,IC02_鶴賀,は,ハ,は,助詞-係助詞,,,和,,ハ,は,ワ,ワ,38.797,39.681,38.797,39.681,0,I
K008_001a,125,I,IC02_鶴賀,これ,コレ,此れ,代名詞,,,和,,コレ,これ,コレ,コレ,38.797,39.681,38.797,39.681,0,B
K008_001a,126,I,IC02_鶴賀,に,ニ,に,助詞-格助詞,,,和,,ニ,に。,ニ,ニ,38.797,39.681,38.797,39.681,0,I
K008_001a,127,B,IC01_深石,あー,アア,ああ,感動詞-一般,,,和,,アア,あー ,アー,アー,38.961,39.551,38.961,39.551,0,B
K008_001a,128,I,IC01_深石,あ,アッ,あっ,感動詞-一般,,,和,,ア,あ。,ア,ア,38.961,39.551,38.961,39.551,0,B
K008_001a,129,B,IC02_鶴賀,うん,ウン,うん,感動詞-一般,,,和,,ウン,うん。,ウン,ウン,39.984,40.244,39.984,40.244,0,B
K008_001a,130,B,IC02_鶴賀,あたし,ワタシ,私,代名詞,,,和,,アタシ,あたし,アタシ,アタシ,40.244,41.064,40.244,41.064,0,B
K008_001a,131,I,IC02_鶴賀,は,ハ,は,助詞-係助詞,,,和,,ハ,は,ワ,ワ,40.244,41.064,40.244,41.064,0,I
K008_001a,132,I,IC02_鶴賀,これ,コレ,此れ,代名詞,,,和,,コレ,これ,コレ,コレ,40.244,41.064,40.244,41.064,0,B
K008_001a,133,I,IC02_鶴賀,に,ニ,に,助詞-格助詞,,,和,,ニ,に,ニ,ニ,40.244,41.064,40.244,41.064,0,I
K008_001a,134,I,IC02_鶴賀,しよ,スル,する,動詞-一般,サ行変格,意志推量形,和,,スル,しよ。,シヨ,シヨ,40.244,41.064,40.244,41.064,0,B
K008_001a,135,B,IC03_久美,はい,ハイ,はい,感動詞-一般,,,和,,ハイ,はい。,ハイ,ハイ,41.186,41.432,41.186,41.432,0,B
K008_001a,136,B,IC02_鶴賀,はい,ハイ,はい,感動詞-一般,,,和,,ハイ,はい。,ハイ,ハイ,41.202,41.430,41.202,41.430,0,B
K008_001a,137,B,IC02_鶴賀,よしー,ヨシ,よし,感動詞-一般,,,和,,ヨシイ,(U よしー)。,ヨシー,ヨシー,42.542,43.211,42.542,43.211,0,B
K008_001a,138,B,IC03_久美,あ,アッ,あっ,感動詞-一般,,,和,,ア,あ。,ア,ア,43.254,43.393,43.254,43.393,0,B
K008_001a,139,B,IC03_久美,じゃあ,デ,で,接続詞,,,和,,ジャア,じゃあ ,ジャー,ジャー,43.393,44.082,43.393,44.082,0,B
K008_001a,140,I,IC03_久美,注ぎ,ツグ,注ぐ,動詞-一般,五段-ガ行,連用形-一般,和,,ツグ,(Y ツギ|注ぎ),ツギ,ツギ,43.393,44.082,43.393,44.082,0,B
K008_001a,141,I,IC03_久美,ます,マス,ます,助動詞,助動詞-マス,終止形-一般,和,,マス,ます。,マス,マス,43.393,44.082,43.393,44.082,0,I
K008_001a,142,B,IC02_鶴賀,あ,アッ,あっ,感動詞-一般,,,和,,ア,あ。,ア,ア,44.199,44.320,44.199,44.320,0,B
K008_001a,143,B,IC02_鶴賀,ほんと,ホントウ,本当,名詞-普通名詞-一般,,,漢,,ホント,ほんと?。,ホント,ホント,44.320,44.632,44.320,44.632,0,B
K008_001a,144,B,IC03_久美,はい,ハイ,はい,感動詞-一般,,,和,,ハイ,はい。,ハイ,ハイ,44.624,44.877,44.624,44.877,0,B
K008_001a,145,B,IC02_鶴賀,でも,デモ,でも,接続詞,,,和,,デモ,でも。,デモ,デモ,44.632,44.870,44.632,44.870,0,B
K008_001a,146,B,IC02_鶴賀,あ,アッ,あっ,感動詞-一般,,,和,,ア,あ。,ア,ア,44.935,45.001,44.935,45.001,0,B
K008_001a,147,B,IC02_鶴賀,いい,ヨイ,良い,形容詞-一般,形容詞,連体形-一般,和,,イイ,いい,イー,イー,45.001,45.357,45.001,45.357,0,B
K008_001a,148,I,IC02_鶴賀,の,ノ,の,助詞-終助詞,,,和,,ノ,の?。,ノ,ノ,45.001,45.357,45.001,45.357,0,I
K008_001a,149,B,IC02_鶴賀,申し訳,モウシワケ,申し訳,名詞-普通名詞-一般,,,和,,モウシワケ,申し訳,モーシワケ,モーシワケ,45.357,46.127,45.357,46.127,0,B
K008_001a,150,I,IC02_鶴賀,ない,ナイ,無い,形容詞-一般,形容詞,終止形-一般,和,,ナイ,ない,ナイ,ナイ,45.357,46.127,45.357,46.127,0,B
K008_001a,151,I,IC02_鶴賀,ね,ネ,ね,助詞-終助詞,,,和,,ネ,ね。,ネ,ネ,45.357,46.127,45.357,46.127,0,I
K008_001a,152,B,IC03_久美,うん,ウン,うん,感動詞-一般,,,和,,ウン,うん。,ウン,ウン,45.380,45.543,45.380,45.543,0,B
K008_001a,153,B,IC02_鶴賀,んで,デ,で,接続詞,,,和,,ンデ,ん:で。,ンデ,ンーデ,46.817,47.221,46.817,47.221,0,B
K008_001a,154,B,IC02_鶴賀,あ,アッ,あっ,感動詞-一般,,,和,,ア,あ。,ア,ア,47.275,47.375,47.275,47.375,0,B
K008_001a,155,B,IC02_鶴賀,これ,コレ,此れ,代名詞,,,和,,コレ,これ,コレ,コレ,47.448,48.170,47.448,48.170,0,B
K008_001a,156,I,IC02_鶴賀,開けよう,アケル,開ける,動詞-一般,下一段-カ行,意志推量形,和,,アケル,開けよう,アケヨー,アケヨー,47.448,48.170,47.448,48.170,0,B
K008_001a,157,I,IC02_鶴賀,ね,ネ,ね,助詞-終助詞,,,和,,ネ,ね?。,ネ,ネ,47.448,48.170,47.448,48.170,0,I
K008_001a,158,B,IC02_鶴賀,せっかく,セッカク,折角,副詞,,,漢,,セッカク,せっかく,セッカク,セッカク,48.223,49.084,48.223,49.084,0,B
K008_001a,159,I,IC02_鶴賀,だ,ダ,だ,助動詞,助動詞-ダ,終止形-一般,和,,ダ,だ,ダ,ダ,48.223,49.084,48.223,49.084,0,I
K008_001a,160,I,IC02_鶴賀,から,カラ,から,助詞-接続助詞,,,和,,カラ,から。,カラ,カラ,48.223,49.084,48.223,49.084,0,I
K008_001a,161,B,IC01_深石,ん,ン,ん,感動詞-一般,,,和,,ン,ん。,ン,ン,48.273,48.404,48.273,48.404,0,B
K008_001a,162,B,IC01_深石,うーん,ウン,うん,感動詞-一般,,,和,,ウーン,うーん。,ウーン,ウーン,48.404,48.701,48.404,48.701,0,B
K008_001a,163,B,IC01_深石,開け,アケル,開ける,動詞-一般,下一段-カ行,連用形-一般,和,,アケル,(T 開け),アケ,アケ,49.261,49.910,49.261,49.910,0,B
K008_001a,164,I,IC01_深石,ましょう,マス,ます,助動詞,助動詞-マス,意志推量形,和,,マス,ましょう。,マショー,マショー,49.261,49.910,49.261,49.910,0,I
K008_001a,165,B,IC02_鶴賀,ンム,,,言いよどみ,,,,,,(D ンム) ,ンム,ンム,52.746,54.711,52.746,54.711,0,B
K008_001a,166,I,IC02_鶴賀,きょう,キョウ,今日,名詞-普通名詞-一般,,,和,,キョウ,きょう,キョー,キョー,52.746,54.711,52.746,54.711,0,B
K008_001a,167,I,IC02_鶴賀,だ,ダ,だ,助動詞,助動詞-ダ,終止形-一般,和,,ダ,だ,ダ,ダ,52.746,54.711,52.746,54.711,0,I
K008_001a,168,I,IC02_鶴賀,って,ッテ,って,助詞-副助詞,,,和,,ッテ,って,ッテ,ッテ,52.746,54.711,52.746,54.711,0,I
K008_001a,169,I,IC02_鶴賀,ム,,,言いよどみ,,,,,,(D ム) ,ム,ム,52.746,54.711,52.746,54.711,0,B
K008_001a,170,I,IC02_鶴賀,ム,,,言いよどみ,,,,,,(D ム),ム,ム,52.746,54.711,52.746,54.711,0,B
K008_001a,171,I,IC02_鶴賀,娘,ムスメ,娘,名詞-普通名詞-一般,,,和,,ムスメ,娘,ムスメ,ムスメ,52.746,54.711,52.746,54.711,0,B
K008_001a,172,I,IC02_鶴賀,も,モ,も,助詞-係助詞,,,和,,モ,も,モ,モ,52.746,54.711,52.746,54.711,0,I
K008_001a,173,I,IC02_鶴賀,うち,ウチ,家,名詞-普通名詞-一般,,,和,,ウチ,うち。,ウチ,ウチ,52.746,54.711,52.746,54.711,0,B
K008_001a,174,B,IC03_久美,これ,コレ,此れ,代名詞,,,和,,コレ,これ,コレ,コレ,54.437,54.974,54.437,54.974,0,B
K008_001a,175,I,IC03_久美,で,デ,で,助詞-格助詞,,,和,,デ,で,デ,デ,54.437,54.974,54.437,54.974,0,I
K008_001a,176,I,IC03_久美,いい,ヨイ,良い,形容詞-一般,形容詞,終止形-一般,和,,イイ,いい?。,イー,イー,54.437,54.974,54.437,54.974,0,B
K008_001a,177,B,IC02_鶴賀,うん,ウン,うん,感動詞-一般,,,和,,ウン,うん。,ウン,ウン,54.935,55.139,54.935,55.139,0,B
K008_001a,178,B,IC02_鶴賀,いい,ヨイ,良い,形容詞-一般,形容詞,終止形-一般,和,,イイ,いい,イー,イー,55.139,55.645,55.139,55.645,0,B
K008_001a,179,I,IC02_鶴賀,よ,ヨ,よ,助詞-終助詞,,,和,,ヨ,よ ,ヨ,ヨ,55.139,55.645,55.139,55.645,0,I
K008_001a,180,I,IC02_鶴賀,いい,ヨイ,良い,形容詞-一般,形容詞,終止形-一般,和,,イイ,いい,イー,イー,55.139,55.645,55.139,55.645,0,B
K008_001a,181,I,IC02_鶴賀,よ,ヨ,よ,助詞-終助詞,,,和,,ヨ,よ。,ヨ,ヨ,55.139,55.645,55.139,55.645,0,I
K008_001a,182,B,IC02_鶴賀,娘,ムスメ,娘,名詞-普通名詞-一般,,,和,,ムスメ,娘,ムスメ,ムスメ,55.921,57.419,55.921,57.419,0,B
K008_001a,183,I,IC02_鶴賀,も,モ,も,助詞-係助詞,,,和,,モ,も,モ,モ,55.921,57.419,55.921,57.419,0,I
K008_001a,184,I,IC02_鶴賀,うち,ウチ,家,名詞-普通名詞-一般,,,和,,ウチ,うち,ウチ,ウチ,55.921,57.419,55.921,57.419,0,B
K008_001a,185,I,IC02_鶴賀,に,ニ,に,助詞-格助詞,,,和,,ニ,に,ニ,ニ,55.921,57.419,55.921,57.419,0,I
K008_001a,186,I,IC02_鶴賀,い,イル,居る,動詞-一般,上一段-ア行,未然形-一般,和,,イル,い,イ,イ,55.921,57.419,55.921,57.419,0,B
K008_001a,187,I,IC02_鶴賀,ない,ナイ,ない,助動詞,助動詞-ナイ,終止形-一般,和,,ナイ,ない,ナイ,ナイ,55.921,57.419,55.921,57.419,0,I
K008_001a,188,I,IC02_鶴賀,し,シ,し,助詞-接続助詞,,,和,,シ,し。,シ,シ,55.921,57.419,55.921,57.419,0,I
K008_001a,189,B,IC01_深石,うん,ウン,うん,感動詞-一般,,,和,,ウン,(T うん)。,ウン,ウン,57.649,57.791,57.649,57.791,0,B
K008_001a,190,B,IC02_鶴賀,きょう,キョウ,今日,名詞-普通名詞-一般,,,和,,キョウ,きょう,キョー,キョー,57.941,60.496,57.941,60.496,0,B
K008_001a,191,I,IC02_鶴賀,から,カラ,から,助詞-格助詞,,,和,,カラ,か(U ら),カラ,カラ,57.941,60.496,57.941,60.496,0,I
K008_001a,192,I,IC02_鶴賀,なん,ナニ,何,代名詞,,,和,,ナン,なん,ナン,ナン,57.941,60.496,57.941,60.496,0,B
K008_001a,193,I,IC02_鶴賀,か,カ,か,助詞-副助詞,,,和,,カ,か,カ,カ,57.941,60.496,57.941,60.496,0,I
K008_001a,194,I,IC02_鶴賀,建築,ケンチク,建築,名詞-普通名詞-一般,,,漢,,ケンチク,(U 建築),ケンチク,ケンチク,57.941,60.496,57.941,60.496,0,B
K008_001a,195,I,IC02_鶴賀,サイシュ,,,形態論情報付与対象外,,,,,,(X サイシュ),サイシュ,サイシュ,57.941,60.496,57.941,60.496,0,I
K008_001a,196,I,IC02_鶴賀,で,デ,で,助詞-格助詞,,,和,,デ,で,デ,デ,57.941,60.496,57.941,60.496,0,I
K008_001a,197,I,IC02_鶴賀,京都,キョウト,京都,名詞-固有名詞-地名-一般,,,固,,キョウト,京都,キョート,キョート,57.941,60.496,57.941,60.496,0,B
K008_001a,198,I,IC02_鶴賀,行く,イク,行く,動詞-一般,五段-カ行,終止形-一般,和,,イク,行く,イク,イク,57.941,60.496,57.941,60.496,0,B
K008_001a,199,I,IC02_鶴賀,と,ト,と,助詞-格助詞,,,和,,ト,と,ト,ト,57.941,60.496,57.941,60.496,0,I
K008_001a,200,I,IC02_鶴賀,か,カ,か,助詞-副助詞,,,和,,カ,か,カ,カ,57.941,60.496,57.941,60.496,0,I
K008_001a,201,I,IC02_鶴賀,って,ッテ,って,助詞-副助詞,,,和,,ッテ,って。,ッテ,ッテ,57.941,60.496,57.941,60.496,0,I
K008_001a,202,B,IC02_鶴賀,夜行バス,ヤコウバス,夜行バス,名詞-普通名詞-一般,,,混,,ヤコウバス,夜行バス,ヤコーバス,ヤコーバス,60.496,61.247,60.496,61.247,0,B
K008_001a,203,I,IC02_鶴賀,で,デ,で,助詞-格助詞,,,和,,デ,で?。,デ,デ,60.496,61.247,60.496,61.247,0,I
K008_001a,204,B,IC03_久美,あー,アア,ああ,感動詞-一般,,,和,,アア,あー。,アー,アー,61.448,62.011,61.448,62.011,0,B
K008_001a,205,B,IC02_鶴賀,で,デ,で,接続詞,,,和,,デ,で ,デ,デ,61.808,63.191,61.808,63.191,0,B
K008_001a,206,I,IC02_鶴賀,史郎,シロウ,史郎,名詞-固有名詞-人名-名,,,固,,シロウ,(R 史郎),シロー,シロー,61.808,63.191,61.808,63.191,1,B
K008_001a,207,I,IC02_鶴賀,も,モ,も,助詞-係助詞,,,和,,モ,も,モ,モ,61.808,63.191,61.808,63.191,0,I
K008_001a,208,I,IC02_鶴賀,たぶん,タブン,多分,副詞,,,漢,,タブン,たぶん,タブン,タブン,61.808,63.191,61.808,63.191,0,B
K008_001a,209,I,IC02_鶴賀,い,イル,居る,動詞-一般,上一段-ア行,未然形-一般,和,,イル,い,イ,イ,61.808,63.191,61.808,63.191,0,B
K008_001a,210,I,IC02_鶴賀,ない,ナイ,ない,助動詞,助動詞-ナイ,終止形-一般,和,,ナイ,ない,ナイ,ナイ,61.808,63.191,61.808,63.191,0,I
K008_001a,211,I,IC02_鶴賀,し,シ,し,助詞-接続助詞,,,和,,シ,し。,シ,シ,61.808,63.191,61.808,63.191,0,I
K008_001a,212,B,IC01_深石,うん,ウン,うん,感動詞-一般,,,和,,ウン,(T うん)。,ウン,ウン,63.276,63.465,63.276,63.465,0,B
K008_001a,213,B,IC02_鶴賀,だから,ダカラ,だから,接続詞,,,和,,ダカラ,だから:,ダカラ,ダカラー,63.482,65.417,63.482,63.939,0,B
K008_001a,214,I,IC02_鶴賀,静か,シズカ,静か,形状詞-一般,,,和,,シズカ,静か,シズカ,シズカ,63.482,65.417,64.618,65.417,0,B
K008_001a,215,I,IC02_鶴賀,で,ダ,だ,助動詞,助動詞-ダ,連用形-一般,和,,ダ,で,デ,デ,63.482,65.417,64.618,65.417,0,I
K008_001a,216,I,IC02_鶴賀,いい,ヨイ,良い,形容詞-一般,形容詞,連体形-一般,和,,イイ,いい,イー,イー,63.482,65.417,64.618,65.417,0,B
K008_001a,217,I,IC02_鶴賀,わけ,ワケ,訳,名詞-普通名詞-一般,,,和,,ワケ,わけ。,ワケ,ワケ,63.482,65.417,64.618,65.417,0,B
K008_001a,218,B,IC03_久美,一口,ヒトクチ,一口,名詞-普通名詞-一般,,,和,,ヒトクチ,一口,ヒトクチ,ヒトクチ,65.563,66.600,65.563,66.600,0,B
K008_001a,219,I,IC03_久美,だけ,ダケ,だけ,助詞-副助詞,,,和,,ダケ,だけ,ダケ,ダケ,65.563,66.600,65.563,66.600,0,I
K008_001a,220,I,IC03_久美,いい,ヨイ,良い,形容詞-一般,形容詞,終止形-一般,和,,イイ,い:い。,イー,イーイ,65.563,66.600,65.563,66.600,0,B
K008_001a,221,B,IC02_鶴賀,うん,ウン,うん,感動詞-一般,,,和,,ウン,うん。,ウン,ウン,66.469,66.687,66.469,66.687,0,B
K008_001a,222,B,IC03_久美,味見,アジミ,味見,名詞-普通名詞-一般,,,和,,アジミ,味見。,アジミ,アジミ,66.600,66.980,66.600,66.980,0,B
K008_001a,223,B,IC02_鶴賀,どうぞ,ドウゾ,どうぞ,副詞,,,和,,ドウゾ,どうぞ ,ドーゾ,ドーゾ,66.687,67.444,66.687,67.444,0,B
K008_001a,224,I,IC02_鶴賀,どうぞ,ドウゾ,どうぞ,副詞,,,和,,ドウゾ,どうぞ。,ドーゾ,ドーゾ,66.687,67.444,66.687,67.444,0,B
K008_001a,225,B,IC02_鶴賀,いい,ヨイ,良い,形容詞-一般,形容詞,終止形-一般,和,,イイ,いい,イー,イー,67.444,68.184,67.444,68.184,0,B
K008_001a,226,I,IC02_鶴賀,わ,ワ,わ,助詞-終助詞,,,和,,ワ,わ,ワ,ワ,67.444,68.184,67.444,68.184,0,I
K008_001a,227,I,IC02_鶴賀,よ,ヨ,よ,助詞-終助詞,,,和,,ヨ,よ。,ヨ,ヨ,67.444,68.184,67.444,68.184,0,I
K008_001a,228,B,IC03_久美,味見,アジミ,味見,名詞-普通名詞-一般,,,和,,アジミ,味見,アジミ,アジミ,69.041,69.677,69.041,69.677,0,B
K008_001a,229,I,IC03_久美,だけ,ダケ,だけ,助詞-副助詞,,,和,,ダケ,だけ。,ダケ,ダケ,69.041,69.677,69.041,69.677,0,I
K008_001a,230,B,IC03_久美,ちょっと,チョット,一寸,副詞,,,和,,チョット,(T ちょっと)。,チョット,チョット,69.733,70.089,69.733,70.089,0,B
K008_001a,231,B,IC02_鶴賀,え,エッ,えっ,感動詞-一般,,,和,,エ,え。,エ,エ,69.810,69.896,69.810,69.896,0,B
K008_001a,232,B,IC02_鶴賀,もっと,モット,もっと,副詞,,,和,,モット,もっと,モット,モット,69.896,70.859,69.896,70.859,0,B
K008_001a,233,I,IC02_鶴賀,飲み,ノム,飲む,動詞-一般,五段-マ行,連用形-一般,和,,ノム,飲み,ノミ,ノミ,69.896,70.859,69.896,70.859,0,B
K008_001a,234,I,IC02_鶴賀,な,ナ,な,助詞-終助詞,,,和,,ナ,な,ナ,ナ,69.896,70.859,69.896,70.859,0,I
K008_001a,235,I,IC02_鶴賀,よ,ヨ,よ,助詞-終助詞,,,和,,ヨ,よ。,ヨ,ヨ,69.896,70.859,69.896,70.859,0,I
K008_001a,236,B,IC03_久美,あ,アッ,あっ,感動詞-一般,,,和,,ア,あ。,ア,ア,70.610,70.726,70.610,70.726,0,B
K008_001a,237,B,IC03_久美,いい,ヨイ,良い,形容詞-一般,形容詞,終止形-一般,和,,イイ,いい,イー,イー,70.902,71.648,70.902,71.648,0,B
K008_001a,238,I,IC03_久美,です,デス,です,助動詞,助動詞-デス,終止形-一般,和,,デス,です ,デス,デス,70.902,71.648,70.902,71.648,0,I
K008_001a,239,I,IC03_久美,いい,ヨイ,良い,形容詞-一般,形容詞,終止形-一般,和,,イイ,いい,イー,イー,70.902,71.648,70.902,71.648,0,B
K008_001a,240,I,IC03_久美,です,デス,です,助動詞,助動詞-デス,終止形-一般,和,,デス,(L です)。,デス,デス,70.902,71.648,70.902,71.648,0,I
K008_001a,241,B,IC02_鶴賀,うん,ウン,うん,感動詞-一般,,,和,,ウン,うん。,ウン,ウン,72.326,72.511,72.326,72.511,0,B
K008_001a,242,B,IC03_久美,はい,ハイ,はい,感動詞-一般,,,和,,ハイ,(T はい)。,ハイ,ハイ,72.490,72.769,72.490,72.769,0,B
K008_001a,243,B,IC03_久美,あと,アト,後,副詞,,,和,,アト,あと ,アト,アト,73.303,73.700,73.303,73.700,0,B
K008_001a,244,I,IC03_久美,サ,,,言いよどみ,,,,,,(D サ)。,サ,サ,73.303,73.700,73.303,73.700,0,B
K008_001a,245,B,IC01_深石,と,ト,と,助詞-格助詞,,,和,,ト,(T (U と: ,ト,トー,73.433,73.914,73.433,73.914,0,B
K008_001a,246,I,IC01_深石,こっち,コチラ,此方,代名詞,,,和,,コッチ,こっち,コッチ,コッチ,73.433,73.914,73.433,73.914,0,B
K008_001a,247,I,IC01_深石,と,ト,と,助詞-格助詞,,,和,,ト,と))。,ト,ト,73.433,73.914,73.433,73.914,0,I
K008_001a,248,B,IC03_久美,あ,アッ,あっ,感動詞-一般,,,和,,ア,あ。,ア,ア,73.700,73.861,73.700,73.861,0,B
K008_001a,249,B,IC03_久美,そっ,ソウ,そう,副詞,,,和,,ソッ,そっ,ソッ,ソッ,73.861,74.127,73.861,74.127,0,B
K008_001a,250,I,IC03_久美,か,カ,か,助詞-終助詞,,,和,,カ,か。,カ,カ,73.861,74.127,73.861,74.127,0,I
K008_001a,251,B,IC03_久美,サラダ,サラダ,サラダ,名詞-普通名詞-一般,,,外,salad,サラダ,サラダ,サラダ,サラダ,74.127,74.728,74.127,74.728,0,B
K008_001a,252,I,IC03_久美,を,ヲ,を,助詞-格助詞,,,和,,ヲ,を。,オ,オ,74.127,74.728,74.127,74.728,0,I
K008_001a,253,B,IC01_深石,うん,ウン,うん,感動詞-一般,,,和,,ウン,(T うん)。,ウン,ウン,74.877,75.018,74.877,75.018,0,B
K008_001a,254,B,IC02_鶴賀,うん,ウン,うん,感動詞-一般,,,和,,ウン,うん。,ウン,ウン,74.984,75.183,74.984,75.183,0,B
K008_001a,255,B,IC01_深石,ここ,ココ,此処,代名詞,,,和,,ココ,ここ,ココ,ココ,75.410,77.348,75.410,76.481,0,B
K008_001a,256,I,IC01_深石,に,ニ,に,助詞-格助詞,,,和,,ニ,に: ,ニ,ニー,75.410,77.348,75.410,76.481,0,I
K008_001a,257,I,IC01_深石,全部,ゼンブ,全部,副詞,,,漢,,ゼンブ,全部,ゼンブ,ゼンブ,75.410,77.348,75.410,76.481,0,B
K008_001a,258,I,IC01_深石,置い,オク,置く,動詞-一般,五段-カ行,連用形-イ音便,和,,オク,(T (U 置い,オイ,オイ,75.410,77.348,76.668,77.348,0,B
K008_001a,259,I,IC01_深石,たらいい,タライイ,たらいい,助動詞,形容詞,終止形-一般,和,,タライイ,たらいい))。,タライー,タライー,75.410,77.348,76.668,77.348,0,I
K008_001a,260,B,IC02_鶴賀,うん,ウン,うん,感動詞-一般,,,和,,ウン,うん。,ウン,ウン,76.174,76.354,76.174,76.354,0,B
K008_001a,261,B,IC02_鶴賀,あ,アッ,あっ,感動詞-一般,,,和,,ア,あ。,ア,ア,76.812,76.941,76.812,76.941,0,B
K008_001a,262,B,IC02_鶴賀,貸し,カス,貸す,動詞-一般,五段-サ行,連用形-一般,和,,カス,貸し,カシ,カシ,76.941,77.453,76.941,77.453,0,B
K008_001a,263,I,IC02_鶴賀,て,テ,て,助詞-接続助詞,,,和,,テ,て ,テ,テ,76.941,77.453,76.941,77.453,0,I
K008_001a,264,I,IC02_鶴賀,貸し,カス,貸す,動詞-一般,五段-サ行,連用形-一般,和,,カス,貸し,カシ,カシ,76.941,77.453,76.941,77.453,0,B
K008_001a,265,I,IC02_鶴賀,て,テ,て,助詞-接続助詞,,,和,,テ,て。,テ,テ,76.941,77.453,76.941,77.453,0,I
K008_001a,266,B,IC02_鶴賀,それ,ソレ,其れ,代名詞,,,和,,ソレ,それ ,ソレ,ソレ,77.453,78.446,77.453,78.446,0,B
K008_001a,267,I,IC02_鶴賀,向こう,ムコウ,向こう,名詞-普通名詞-一般,,,和,,ムコウ,向こう,ムコー,ムコー,77.453,78.446,77.453,78.446,0,I
K008_001a,268,I,IC02_鶴賀,持っ,モツ,持つ,動詞-一般,五段-タ行,連用形-促音便,和,,モツ,持っ,モッ,モッ,77.453,78.446,77.453,78.446,0,B
K008_001a,269,I,IC02_鶴賀,てっ,テク,てく,助動詞,五段-カ行,連用形-促音便,和,,テク,てっ,テッ,テッ,77.453,78.446,77.453,78.446,0,I
K008_001a,270,I,IC02_鶴賀,ちゃう,チャウ,ちゃう,助動詞,五段-ワア行,終止形-一般,和,,チャウ,ちゃう,チャウ,チャウ,77.453,78.446,77.453,78.446,0,I
K008_001a,271,I,IC02_鶴賀,よ,ヨ,よ,助詞-終助詞,,,和,,ヨ,よ。,ヨ,ヨ,77.453,78.446,77.453,78.446,0,I
K008_001a,272,B,IC01_深石,うん,ウン,うん,感動詞-一般,,,和,,ウン,うん?。,ウン,ウン,78.316,78.467,78.316,78.467,0,B
K008_001a,273,B,IC02_鶴賀,うん,ウン,うん,感動詞-一般,,,和,,ウン,うん。,ウン,ウン,78.723,78.922,78.723,78.922,0,B
K008_001a,274,B,IC02_鶴賀,捨て,ステル,捨てる,動詞-一般,下一段-タ行,連用形-一般,和,,ステル,捨て,ステ,ステ,79.003,79.421,79.003,79.421,0,B
K008_001a,275,I,IC02_鶴賀,ちゃう,チャウ,ちゃう,助動詞,五段-ワア行,終止形-一般,和,,チャウ,ちゃう。,チャウ,チャウ,79.003,79.421,79.003,79.421,0,I
K008_001a,276,B,IC02_鶴賀,もう,モウ,もう,副詞,,,和,,モウ,もう。,モー,モー,79.520,79.677,79.520,79.677,0,B
K008_001a,277,B,IC03_久美,これ,コレ,此れ,代名詞,,,和,,コレ,これ,コレ,コレ,79.636,80.583,79.636,80.583,0,B
K008_001a,278,I,IC03_久美,って,ッテ,って,助詞-副助詞,,,和,,ッテ,って,ッテ,ッテ,79.636,80.583,79.636,80.583,0,I
K008_001a,279,I,IC03_久美,捨て,ステル,捨てる,動詞-一般,下一段-タ行,連用形-一般,和,,ステル,捨て,ステ,ステ,79.636,80.583,79.636,80.583,0,B
K008_001a,280,I,IC03_久美,てる,テル,てる,助動詞,下一段-タ行,終止形-一般,和,,テル,てる?。,テル,テル,79.636,80.583,79.636,80.583,0,I
K008_001a,281,B,IC02_鶴賀,ううん,ウウン,ううん,感動詞-一般,,,和,,ウウン,ううん。,ウーン,ウーン,81.325,81.794,81.325,81.794,0,B
K008_001a,282,B,IC03_久美,使っ,ツカウ,使う,動詞-一般,五段-ワア行,連用形-促音便,和,,ツカウ,使っ,ツカッ,ツカッ,81.332,82.064,81.332,82.064,0,B
K008_001a,283,I,IC03_久美,てる,テル,てる,助動詞,下一段-タ行,終止形-一般,和,,テル,てる?。,テル,テル,81.332,82.064,81.332,82.064,0,I
K008_001a,284,B,IC02_鶴賀,取っ,トル,取る,動詞-一般,五段-ラ行,連用形-促音便,和,,トル,取っ,トッ,トッ,81.910,82.495,81.910,82.495,0,B
K008_001a,285,I,IC02_鶴賀,とく,トク,とく,助動詞,五段-カ行,終止形-一般,和,,トク,とく。,トク,トク,81.910,82.495,81.910,82.495,0,I
K008_001a,286,B,IC01_深石,じゃあ,デ,で,接続詞,,,和,,ジャア,じゃあ ,ジャー,ジャー,82.210,82.892,82.210,82.892,0,B
K008_001a,287,I,IC01_深石,これ,コレ,此れ,代名詞,,,和,,コレ,これ,コレ,コレ,82.210,82.892,82.210,82.892,0,B
K008_001a,288,I,IC01_深石,も,モ,も,助詞-係助詞,,,和,,モ,も。,モ,モ,82.210,82.892,82.210,82.892,0,I
K008_001a,289,B,IC03_久美,取っ,トル,取る,動詞-一般,五段-ラ行,連用形-促音便,和,,トル,取っ,トッ,トッ,82.297,83.019,82.297,83.019,0,B
K008_001a,290,I,IC03_久美,とく,トク,とく,助動詞,五段-カ行,終止形-一般,和,,トク,とく,トク,トク,82.297,83.019,82.297,83.019,0,I
K008_001a,291,I,IC03_久美,よ,ヨ,よ,助詞-終助詞,,,和,,ヨ,よ,ヨ,ヨ,82.297,83.019,82.297,83.019,0,I
K008_001a,292,I,IC03_久美,ね,ネ,ね,助詞-終助詞,,,和,,ネ,ね。,ネ,ネ,82.297,83.019,82.297,83.019,0,I
K008_001a,293,B,IC02_鶴賀,取っ,トル,取る,動詞-一般,五段-ラ行,連用形-促音便,和,,トル,取っ,トッ,トッ,83.086,83.532,83.086,83.532,0,B
K008_001a,294,I,IC02_鶴賀,とく,トク,とく,助動詞,五段-カ行,終止形-一般,和,,トク,とく。,トク,トク,83.086,83.532,83.086,83.532,0,I
K008_001a,295,B,IC02_鶴賀,これ,コレ,此れ,代名詞,,,和,,コレ,これ,コレ,コレ,83.571,83.977,83.571,83.977,0,B
K008_001a,296,I,IC02_鶴賀,は,ハ,は,助詞-係助詞,,,和,,ハ,は。,ワ,ワ,83.571,83.977,83.571,83.977,0,I
K008_001a,297,B,IC01_深石,なん,ナニ,何,代名詞,,,和,,ナン,なん,ナン,ナン,83.670,84.284,83.670,84.284,0,B
K008_001a,298,I,IC01_深石,か,カ,か,助詞-副助詞,,,和,,カ,か ,カ,カ,83.670,84.284,83.670,84.284,0,I
K008_001a,299,I,IC01_深石,コ,,,言いよどみ,,,,,,(D コ)。,コ,コ,83.670,84.284,83.670,84.284,0,B
K008_001a,300,B,IC02_鶴賀,うん,ウン,うん,感動詞-一般,,,和,,ウン,(T うん)。,ウン,ウン,85.619,85.751,85.619,85.751,0,B
K008_001a,301,B,IC02_鶴賀,ただ,タダ,唯,接続詞,,,和,,タダ,(U ただ) ,タダ,タダ,86.707,87.663,86.707,87.663,0,B
K008_001a,302,I,IC02_鶴賀,それ,ソレ,其れ,代名詞,,,和,,ソレ,それ,ソレ,ソレ,86.707,87.663,86.707,87.663,0,B
K008_001a,303,I,IC02_鶴賀,も,モ,も,助詞-係助詞,,,和,,モ,も,モ,モ,86.707,87.663,86.707,87.663,0,I
K008_001a,304,I,IC02_鶴賀,持っ,モツ,持つ,動詞-一般,五段-タ行,連用形-促音便,和,,モツ,持っ,モッ,モッ,86.707,87.663,86.707,87.663,0,B
K008_001a,305,I,IC02_鶴賀,てく,テク,てく,助動詞,五段-カ行,終止形-一般,和,,テク,てく。,テク,テク,86.707,87.663,86.707,87.663,0,I
K008_001a,306,B,IC02_鶴賀,え,エッ,えっ,感動詞-一般,,,和,,エ,え。,エ,エ,89.308,89.383,89.308,89.383,0,B
K008_001a,307,B,IC02_鶴賀,手,テ,手,名詞-普通名詞-一般,,,和,,テ,手 ,テ,テ,89.435,90.338,89.435,90.338,0,B
K008_001a,308,I,IC02_鶴賀,切ら,キル,切る,動詞-一般,五段-ラ行,未然形-一般,和,,キル,切ら,キラ,キラ,89.435,90.338,89.435,90.338,0,B
K008_001a,309,I,IC02_鶴賀,ない,ナイ,ない,助動詞,助動詞-ナイ,連体形-一般,和,,ナイ,ない,ナイ,ナイ,89.435,90.338,89.435,90.338,0,I
K008_001a,310,I,IC02_鶴賀,よう,ヨウ,様,形状詞-助動詞語幹,,,漢,,ヨウ,よう,ヨー,ヨー,89.435,90.338,89.435,90.338,0,I
K008_001a,311,I,IC02_鶴賀,に,ダ,だ,助動詞,助動詞-ダ,連用形-ニ,和,,ダ,に,ニ,ニ,89.435,90.338,89.435,90.338,0,I
K008_001a,312,I,IC02_鶴賀,ね,ネ,ね,助詞-終助詞,,,和,,ネ,ね。,ネ,ネ,89.435,90.338,89.435,90.338,0,I
K008_001a,313,B,IC01_深石,あー,アア,ああ,感動詞-一般,,,和,,アア,あー。,アー,アー,90.401,90.644,90.401,90.644,0,B
K008_001a,314,B,IC03_久美,うん,ウン,うん,感動詞-一般,,,和,,ウン,うん。,ウン,ウン,90.426,90.726,90.426,90.726,0,B
K008_001a,315,B,IC02_鶴賀,それ,ソレ,其れ,代名詞,,,和,,ソレ,それ。,ソレ,ソレ,90.630,90.785,90.630,90.785,0,B
K008_001a,316,B,IC01_深石,セイ,,,形態論情報付与対象外,,,,,,(X セイ)。,セイ,セイ,90.644,90.891,90.644,90.891,0,B
K008_001a,317,B,IC01_深石,ありがとう,アリガトウ,有り難う,感動詞-一般,,,和,,アリガトウ,ありがとう。,アリガトー,アリガトー,91.014,91.527,91.014,91.527,0,B
K008_001a,318,B,IC02_鶴賀,あ,アッ,あっ,感動詞-一般,,,和,,ア,あ。,ア,ア,91.368,91.501,91.368,91.501,0,B
K008_001a,319,B,IC01_深石,あー,アア,ああ,感動詞-一般,,,和,,アア,あー。,アー,アー,91.631,91.921,91.631,91.921,0,B
K008_001a,320,B,IC01_深石,ごめんなさい,ゴメンナサイ,御免為さい,感動詞-一般,,,混,,ゴメンナサル,ごめんなさい。,ゴメンナサイ,ゴメンナサイ,92.161,92.739,92.161,92.739,0,B
K008_001a,321,B,IC02_鶴賀,ゴ,,,言いよどみ,,,,,,(D ゴ) ,ゴ,ゴ,92.188,92.718,92.188,92.718,0,B
K008_001a,322,I,IC02_鶴賀,ごめん,ゴメン,御免,名詞-普通名詞-一般,,,漢,,ゴメン,ごめん ,ゴメン,ゴメン,92.188,92.718,92.188,92.718,0,B
K008_001a,323,I,IC02_鶴賀,ごめん,ゴメン,御免,名詞-普通名詞-一般,,,漢,,ゴメン,ごめん。,ゴメン,ゴメン,92.188,92.718,92.188,92.718,0,B
K008_001a,324,B,IC02_鶴賀,あたし,ワタシ,私,代名詞,,,和,,アタシ,あたし,アタシ,アタシ,92.718,93.387,92.718,93.387,0,B
K008_001a,325,I,IC02_鶴賀,が,ガ,が,助詞-格助詞,,,和,,ガ,が,ガ,ガ,92.718,93.387,92.718,93.387,0,I
K008_001a,326,I,IC02_鶴賀,ぼーっとし,ボウットスル,ぼうっとする,動詞-一般,サ行変格,連用形-一般,和,,ボウットスル,ぼーっとし。,ボーットシ,ボーットシ,92.718,93.387,92.718,93.387,0,B
K008_001a,327,B,IC01_深石,ごめん,ゴメン,御免,名詞-普通名詞-一般,,,漢,,ゴメン,(U ごめん)。,ゴメン,ゴメン,92.739,93.023,92.739,93.023,0,B
K008_001a,328,B,IC02_鶴賀,それ,ソレ,其れ,代名詞,,,和,,ソレ,それ,ソレ,ソレ,93.594,95.671,93.594,95.671,0,B
K008_001a,329,I,IC02_鶴賀,さ,サ,さ,助詞-終助詞,,,和,,サ,さ ,サ,サ,93.594,95.671,93.594,95.671,0,I
K008_001a,330,I,IC02_鶴賀,これ,コレ,此れ,代名詞,,,和,,コレ,これ:,コレ,コレー,93.594,95.671,93.594,95.671,0,B
K008_001a,331,I,IC02_鶴賀,に,ニ,に,助詞-格助詞,,,和,,ニ,に,ニ,ニ,93.594,95.671,93.594,95.671,0,I
K008_001a,332,I,IC02_鶴賀,載っけ,ノッケル,乗っける,動詞-一般,下一段-カ行,連用形-一般,和,,ノッケル,載っけ ,ノッケ,ノッケ,93.594,95.671,93.594,95.671,0,B
K008_001a,333,I,IC02_鶴賀,食べ,タベル,食べる,動詞-一般,下一段-バ行,連用形-一般,和,,タベル,食べ,タベ,タベ,93.594,95.671,93.594,95.671,0,B
K008_001a,334,I,IC02_鶴賀,て,テ,て,助詞-接続助詞,,,和,,テ,て,テ,テ,93.594,95.671,93.594,95.671,0,I
K008_001a,335,I,IC02_鶴賀,おいし,オイシイ,美味しい,形容詞-一般,形容詞,語幹-一般,和,,オイシイ,おいし,オイシ,オイシ,93.594,95.671,93.594,95.671,0,B
K008_001a,336,I,IC02_鶴賀,そう,ソウ,そう,形状詞-助動詞語幹,,,和,様態,ソウ,そう。,ソー,ソー,93.594,95.671,93.594,95.671,0,I
K008_001a,337,B,IC01_深石,あー,アア,ああ,感動詞-一般,,,和,,アア,あー。,アー,アー,95.873,97.170,95.873,97.170,0,B
K008_001a,338,B,IC03_久美,あー,アア,ああ,感動詞-一般,,,和,,アア,あー。,アー,アー,97.142,97.573,97.142,97.573,0,B
K008_001a,339,B,IC03_久美,そう,ソウ,そう,副詞,,,和,,ソウ,そう,ソー,ソー,97.573,98.326,97.573,98.326,0,B
K008_001a,340,I,IC03_久美,です,デス,です,助動詞,助動詞-デス,終止形-一般,和,,デス,です,デス,デス,97.573,98.326,97.573,98.326,0,I
K008_001a,341,I,IC03_久美,ね,ネ,ね,助詞-終助詞,,,和,,ネ,ね。,ネ,ネ,97.573,98.326,97.573,98.326,0,I
K008_001a,342,B,IC02_鶴賀,うん,ウン,うん,感動詞-一般,,,和,,ウン,うん ,ウン,ウン,97.977,98.812,97.977,98.812,0,B
K008_001a,343,I,IC02_鶴賀,うん,ウン,うん,感動詞-一般,,,和,,ウン,うん ,ウン,ウン,97.977,98.812,97.977,98.812,0,B
K008_001a,344,I,IC02_鶴賀,うん,ウン,うん,感動詞-一般,,,和,,ウン,うん。,ウン,ウン,97.977,98.812,97.977,98.812,0,B
K008_001a,345,B,IC01_深石,うん,ウン,うん,感動詞-一般,,,和,,ウン,うん ,ウン,ウン,98.617,99.042,98.617,99.042,0,B
K008_001a,346,I,IC01_深石,うん,ウン,うん,感動詞-一般,,,和,,ウン,うん。,ウン,ウン,98.617,99.042,98.617,99.042,0,B
K008_001a,347,B,IC03_久美,じゃあ,デ,で,接続詞,,,和,,ジャア,じゃあ ,ジャー,ジャー,100.203,101.449,100.203,100.998,0,B
K008_001a,348,I,IC03_久美,お皿,オサラ,御皿,名詞-普通名詞-一般,,,和,,オサラ,お皿,オサラ,オサラ,100.203,101.449,100.203,100.998,0,B
K008_001a,349,I,IC03_久美,を,ヲ,を,助詞-格助詞,,,和,,ヲ,を,オ,オ,100.203,101.449,100.203,100.998,0,I
K008_001a,350,I,IC03_久美,これ,コレ,此れ,代名詞,,,和,,コレ,これ。,コレ,コレ,100.203,101.449,101.225,101.449,0,B
K008_001a,351,B,IC03_久美,これ,コレ,此れ,代名詞,,,和,,コレ,これ,コレ,コレ,102.055,103.015,102.055,103.015,0,B
K008_001a,352,I,IC03_久美,すごい,スゴイ,凄い,形容詞-一般,形容詞,終止形-一般,和,,スゴイ,すごい,スゴイ,スゴイ,102.055,103.015,102.055,103.015,0,B
K008_001a,353,I,IC03_久美,ね,ネ,ね,助詞-終助詞,,,和,,ネ,ね。,ネ,ネ,102.055,103.015,102.055,103.015,0,I
K008_001a,354,B,IC01_深石,出し,ダス,出す,動詞-一般,五段-サ行,連用形-一般,和,,ダス,(T 出し,ダシ,ダシ,102.826,103.331,102.826,103.331,0,B
K008_001a,355,I,IC01_深石,て,テ,て,助詞-接続助詞,,,和,,テ,て,テ,テ,102.826,103.331,102.826,103.331,0,I
K008_001a,356,I,IC01_深石,ね,ネ,ね,助詞-終助詞,,,和,,ネ,ね)。,ネ,ネ,102.826,103.331,102.826,103.331,0,I
K008_001a,357,B,IC03_久美,パテ,パテ,パテ,名詞-普通名詞-一般,,,外,pate,パテ,パテ,パテ,パテ,103.272,103.752,103.272,103.752,0,B
K008_001a,358,I,IC03_久美,と,ト,と,助詞-格助詞,,,和,,ト,と。,ト,ト,103.272,103.752,103.272,103.752,0,I
K008_001a,359,B,IC01_深石,あ,アッ,あっ,感動詞-一般,,,和,,ア,あ。,ア,ア,103.422,103.524,103.422,103.524,0,B
K008_001a,360,B,IC01_深石,これ,コレ,此れ,代名詞,,,和,,コレ,これ,コレ,コレ,103.600,104.186,103.600,104.186,0,B
K008_001a,361,I,IC01_深石,も,モ,も,助詞-係助詞,,,和,,モ,も,モ,モ,103.600,104.186,103.600,104.186,0,I
K008_001a,362,I,IC01_深石,だっ,ダ,だ,助動詞,助動詞-ダ,連用形-促音便,和,,ダ,だっ,ダッ,ダッ,103.600,104.186,103.600,104.186,0,I
K008_001a,363,I,IC01_深石,た,タ,た,助動詞,助動詞-タ,終止形-一般,和,,タ,た。,タ,タ,103.600,104.186,103.600,104.186,0,I
K008_001a,364,B,IC01_深石,まあ,マア,まあ,副詞,,,和,,マア,まあ,マー,マー,106.243,107.851,106.243,107.851,0,B
K008_001a,365,I,IC01_深石,なん,ナニ,何,代名詞,,,和,,ナン,なん,ナン,ナン,106.243,107.851,106.243,107.851,0,B
K008_001a,366,I,IC01_深石,か,カ,か,助詞-副助詞,,,和,,カ,か ,カ,カ,106.243,107.851,106.243,107.851,0,I
K008_001a,367,I,IC01_深石,いろいろ,イロイロ,色々,副詞,,,和,,イロイロ,いろいろ,イロイロ,イロイロ,106.243,107.851,106.243,107.851,0,B
K008_001a,368,I,IC01_深石,ス,,,言いよどみ,,,,,,(D ス),ス,ス,106.243,107.851,106.243,107.851,0,B
K008_001a,369,I,IC01_深石,あり,アル,有る,動詞-一般,五段-ラ行,連用形-一般,和,,アル,あり,アリ,アリ,106.243,107.851,106.243,107.851,0,B
K008_001a,370,I,IC01_深石,ます,マス,ます,助動詞,助動詞-マス,終止形-一般,和,,マス,ます,マス,マス,106.243,107.851,106.243,107.851,0,I
K008_001a,371,I,IC01_深石,ね,ネ,ね,助詞-終助詞,,,和,,ネ,ね。,ネ,ネ,106.243,107.851,106.243,107.851,0,I
K008_001a,372,B,IC01_深石,すごい,スゴイ,凄い,形容詞-一般,形容詞,終止形-一般,和,,スゴイ,すごい。,スゴイ,スゴイ,107.851,108.244,107.851,108.244,0,B
K008_001a,373,B,IC03_久美,うん,ウン,うん,感動詞-一般,,,和,,ウン,(T うん)。,ウン,ウン,107.952,108.094,107.952,108.094,0,B
K008_001a,374,B,IC01_深石,こう,コウ,こう,副詞,,,和,,コウ,こう,コー,コー,110.701,111.727,110.701,111.727,0,B
K008_001a,375,I,IC01_深石,ゆう,イウ,言う,動詞-一般,五段-ワア行,連体形-一般,和,,ユウ,ゆう,ユー,ユー,110.701,111.727,110.701,111.727,0,B
K008_001a,376,I,IC01_深石,の,ノ,の,助詞-準体助詞,,,和,,ノ,の,ノ,ノ,110.701,111.727,110.701,111.727,0,I
K008_001a,377,I,IC01_深石,や,イヤ,嫌,形状詞-一般,,,和,,ヤ,や,ヤ,ヤ,110.701,111.727,110.701,111.727,0,B
K008_001a,378,I,IC01_深石,だ,ダ,だ,助動詞,助動詞-ダ,終止形-一般,和,,ダ,だ,ダ,ダ,110.701,111.727,110.701,111.727,0,I
K008_001a,379,I,IC01_深石,な,ナ,な,助詞-終助詞,,,和,,ナ,(U な)。,ナ,ナ,110.701,111.727,110.701,111.727,0,I
K008_001a,380,B,IC03_久美,はい,ハイ,はい,感動詞-一般,,,和,,ハイ,はい。,ハイ,ハイ,120.973,121.130,120.973,121.130,0,B
K008_001a,381,B,IC01_深石,うーん,ウン,うん,感動詞-一般,,,和,,ウーン,(T うーん)。,ウーン,ウーン,121.007,121.368,121.007,121.368,0,B
K008_001a,382,B,IC02_鶴賀,うん,ウン,うん,感動詞-一般,,,和,,ウン,うん。,ウン,ウン,121.326,121.600,121.326,121.600,0,B
K008_001a,383,B,IC02_鶴賀,じゃ,デ,で,接続詞,,,和,,ジャ,じゃ。,ジャ,ジャ,122.329,122.502,122.329,122.502,0,B
K008_001a,384,B,IC01_深石,じゃあ,デ,で,接続詞,,,和,,ジャア,じゃあ ,ジャー,ジャー,124.404,125.691,124.404,125.691,0,B
K008_001a,385,I,IC01_深石,座り,スワル,座る,動詞-一般,五段-ラ行,連用形-一般,和,,スワル,座り,スワリ,スワリ,124.404,125.691,124.404,125.691,0,B
K008_001a,386,I,IC01_深石,ます,マス,ます,助動詞,助動詞-マス,終止形-一般,和,,マス,ま:す。,マス,マース,124.404,125.691,124.404,125.691,0,I
K008_001a,387,B,IC02_鶴賀,これ,コレ,此れ,代名詞,,,和,,コレ,これ ,コレ,コレ,126.571,127.319,126.571,127.319,0,B
K008_001a,388,I,IC02_鶴賀,あれ,アレ,彼れ,代名詞,,,和,,アレ,あれ,アレ,アレ,126.571,127.319,126.571,127.319,0,B
K008_001a,389,I,IC02_鶴賀,だ,ダ,だ,助動詞,助動詞-ダ,終止形-一般,和,,ダ,だ。,ダ,ダ,126.571,127.319,126.571,127.319,0,I
K008_001a,390,B,IC02_鶴賀,お皿,オサラ,御皿,名詞-普通名詞-一般,,,和,,オサラ,お皿,オサラ,オサラ,127.356,128.628,127.356,127.926,0,B
K008_001a,391,I,IC02_鶴賀,に,ニ,に,助詞-格助詞,,,和,,ニ,に,ニ,ニ,127.356,128.628,127.356,127.926,0,I
K008_001a,392,I,IC02_鶴賀,出そう,ダス,出す,動詞-一般,五段-サ行,意志推量形,和,,ダス,出そう。,ダソー,ダソー,127.356,128.628,128.139,128.628,0,B
K008_001a,393,B,IC02_鶴賀,お皿,オサラ,御皿,名詞-普通名詞-一般,,,和,,オサラ,お皿,オサラ,オサラ,129.055,131.277,129.055,129.666,0,B
K008_001a,394,I,IC02_鶴賀,って,ッテ,って,助詞-副助詞,,,和,,ッテ,って ,ッテ,ッテ,129.055,131.277,129.055,129.666,0,I
K008_001a,395,I,IC02_鶴賀,あの,アノ,あの,感動詞-フィラー,,,和,,アノ,(F あの),アノ,アノ,129.055,131.277,129.055,129.666,0,B
K008_001a,396,I,IC02_鶴賀,ツ,,,言いよどみ,,,,,,(D ツ) ,ツ,ツ,129.055,131.277,130.199,131.277,0,B
K008_001a,397,I,IC02_鶴賀,使い捨て,ツカイステ,使い捨て,名詞-普通名詞-一般,,,和,,ツカイステ,使い捨て,ツカイステ,ツカイステ,129.055,131.277,130.199,131.277,0,B
K008_001a,398,I,IC02_鶴賀,の,ノ,の,助詞-格助詞,,,和,,ノ,の。,ノ,ノ,129.055,131.277,130.199,131.277,0,I
K008_001a,399,B,IC01_深石,ん,ン,ん,感動詞-一般,,,和,,ン,ん。,ン,ン,129.795,129.929,129.795,129.929,0,B
K008_001a,400,B,IC01_深石,鶴賀さん,ツルガサン,鶴賀さん,名詞-固有名詞-人名-姓,,,固,,ツルガサン,(R 鶴賀)さん ,ツルガサン,ツルガサン,130.826,132.936,130.826,132.936,1,B
K008_001a,401,I,IC01_深石,何,ナニ,何,代名詞,,,和,,ナニ,何,ナニ,ナニ,130.826,132.936,130.826,132.936,0,I
K008_001a,402,I,IC01_深石,も,モ,も,助詞-係助詞,,,和,,モ,も,モ,モ,130.826,132.936,130.826,132.936,0,I
K008_001a,403,I,IC01_深石,汚さ,ヨゴス,汚す,動詞-一般,五段-サ行,未然形-一般,和,,ヨゴス,汚さ,ヨゴサ,ヨゴサ,130.826,132.936,130.826,132.936,0,B
K008_001a,404,I,IC01_深石,なく,ナイ,ない,助動詞,助動詞-ナイ,連用形-一般,和,,ナイ,なく,ナク,ナク,130.826,132.936,130.826,132.936,0,I
K008_001a,405,I,IC01_深石,て,テ,て,助詞-接続助詞,,,和,,テ,て,テ,テ,130.826,132.936,130.826,132.936,0,I
K008_001a,406,I,IC01_深石,いい,ヨイ,良い,形容詞-一般,形容詞,終止形-一般,和,,イイ,いい,イー,イー,130.826,132.936,130.826,132.936,0,B
K008_001a,407,I,IC01_深石,です,デス,です,助動詞,助動詞-デス,終止形-一般,和,,デス,です,デス,デス,130.826,132.936,130.826,132.936,0,I
K008_001a,408,I,IC01_深石,よ,ヨ,よ,助詞-終助詞,,,和,,ヨ,よ:?。,ヨ,ヨー,130.826,132.936,130.826,132.936,0,I
K008_001a,409,B,IC02_鶴賀,うん,ウン,うん,感動詞-一般,,,和,,ウン,うん。,ウン,ウン,132.420,132.776,132.420,132.776,0,B
K008_001a,410,B,IC03_久美,うん,ウン,うん,感動詞-一般,,,和,,ウン,うん。,ウン,ウン,132.768,133.132,132.768,133.132,0,B
K008_001a,411,B,IC01_深石,草島さん,クサジマサン,草島さん,名詞-固有名詞-人名-姓,,,固,,クサジマサン,(T (R 草島)さん,クサジマサン,クサジマサン,141.767,143.317,141.767,143.317,1,B
K008_001a,412,I,IC01_深石,も,モ,も,助詞-係助詞,,,和,,モ,も,モ,モ,141.767,143.317,141.767,143.317,0,I
K008_001a,413,I,IC01_深石,座っ,スワル,座る,動詞-一般,五段-ラ行,連用形-促音便,和,,スワル,座っ,スワッ,スワッ,141.767,143.317,141.767,143.317,0,B
K008_001a,414,I,IC01_深石,ちゃえ,チャウ,ちゃう,助動詞,五段-ワア行,仮定形-一般,和,,チャウ,ちゃえ,チャエ,チャエ,141.767,143.317,141.767,143.317,0,I
K008_001a,415,I,IC01_深石,ばいい,バイイ,ばいい,助動詞,形容詞,終止形-一般,和,,バイイ,ばいい)。,バイー,バイー,141.767,143.317,141.767,143.317,0,I
K008_001a,416,B,IC01_深石,大丈夫,ダイジョウブ,大丈夫,形状詞-一般,,,漢,,ダイジョウブ,大丈夫,ダイジョーブ,ダイジョーブ,143.439,144.191,143.439,144.191,0,B
K008_001a,417,I,IC01_深石,そう,ソウ,そう,形状詞-助動詞語幹,,,和,様態,ソウ,そう。,ソー,ソー,143.439,144.191,143.439,144.191,0,I
K008_001a,418,B,IC02_鶴賀,これ,コレ,此れ,代名詞,,,和,,コレ,これ,コレ,コレ,145.579,147.522,145.579,146.132,0,B
K008_001a,419,I,IC02_鶴賀,に,ニ,に,助詞-格助詞,,,和,,ニ,に,ニ,ニ,145.579,147.522,145.579,146.132,0,I
K008_001a,420,I,IC02_鶴賀,出せ,ダス,出す,動詞-一般,五段-サ行,仮定形-一般,和,,ダス,出せ,ダセ,ダセ,145.579,147.522,146.877,147.522,0,B
K008_001a,421,I,IC02_鶴賀,ば,バ,ば,助詞-接続助詞,,,和,,バ,ば:。,バ,バー,145.579,147.522,146.877,147.522,0,I
K008_001a,422,B,IC01_深石,あー,アア,ああ,感動詞-一般,,,和,,アア,あー。,アー,アー,157.891,158.128,157.891,158.128,0,B
K008_001a,423,B,IC02_鶴賀,これ,コレ,此れ,代名詞,,,和,,コレ,(W コエ|これ) ,コレ,コエ,157.900,159.136,157.900,159.136,0,B
K008_001a,424,I,IC02_鶴賀,お願いし,オネガイスル,御願いする,動詞-一般,サ行変格,連用形-一般,和,,オネガイスル,お願いし,オネガイシ,オネガイシ,157.900,159.136,157.900,159.136,0,B
K008_001a,425,I,IC02_鶴賀,てもいい,テモイイ,てもいい,助動詞,形容詞,終止形-一般,和,,テモイイ,てもい:い?。,テモイー,テモイーイ,157.900,159.136,157.900,159.136,0,I
K008_001a,426,B,IC01_深石,はい,ハイ,はい,感動詞-一般,,,和,,ハイ,はい ,ハイ,ハイ,158.620,159.151,158.620,159.151,0,B
K008_001a,427,I,IC01_深石,はい,ハイ,はい,感動詞-一般,,,和,,ハイ,はい ,ハイ,ハイ,158.620,159.151,158.620,159.151,0,B
K008_001a,428,I,IC01_深石,はい,ハイ,はい,感動詞-一般,,,和,,ハイ,はい。,ハイ,ハイ,158.620,159.151,158.620,159.151,0,B
K008_001a,429,B,IC01_深石,もちろん,モチロン,勿論,副詞,,,漢,,モチロン,もちろん,モチロン,モチロン,159.151,159.993,159.151,159.993,0,B
K008_001a,430,I,IC01_深石,です,デス,です,助動詞,助動詞-デス,終止形-一般,和,,デス,(U で:す)。,デス,デース,159.151,159.993,159.151,159.993,0,I
K008_001a,431,B,IC02_鶴賀,あ,アッ,あっ,感動詞-一般,,,和,,ア,あ。,ア,ア,159.659,159.810,159.659,159.810,0,B
K008_001a,432,B,IC02_鶴賀,で,デ,で,接続詞,,,和,,デ,で ,デ,デ,159.861,160.988,159.861,160.988,0,B
K008_001a,433,I,IC02_鶴賀,これ,コレ,此れ,代名詞,,,和,,コレ,これ,コレ,コレ,159.861,160.988,159.861,160.988,0,B
K008_001a,434,I,IC02_鶴賀,に,ニ,に,助詞-格助詞,,,和,,ニ,に,ニ,ニ,159.861,160.988,159.861,160.988,0,I
K008_001a,435,I,IC02_鶴賀,一枚,イチマイ,一枚,名詞-数詞,,,漢,,イチマイ,一枚。,イチマイ,イチマイ,159.861,160.988,159.861,160.988,0,B
K008_001a,436,B,IC02_鶴賀,はい,ハイ,はい,感動詞-一般,,,和,,ハイ,はい ,ハイ,ハイ,160.988,161.333,160.988,161.333,0,B
K008_001a,437,I,IC02_鶴賀,はい,ハイ,はい,感動詞-一般,,,和,,ハイ,はい。,ハイ,ハイ,160.988,161.333,160.988,161.333,0,B
K008_001a,438,B,IC01_深石,あー,アア,ああ,感動詞-一般,,,和,,アア,あー。,アー,アー,161.011,161.233,161.011,161.233,0,B
K008_001a,439,B,IC01_深石,そう,ソウ,そう,副詞,,,和,,ソウ,そう,ソー,ソー,161.233,161.570,161.233,161.570,0,B
K008_001a,440,I,IC01_深石,です,デス,です,助動詞,助動詞-デス,終止形-一般,和,,デス,です。,デス,デス,161.233,161.570,161.233,161.570,0,I
K008_001a,441,B,IC01_深石,すいません,スミマセン,済みません,感動詞-一般,,,和,,スイマセヌ,すいません。,スイマセン,スイマセン,161.570,162.189,161.570,162.189,0,B
K008_001a,442,B,IC02_鶴賀,うん,ウン,うん,感動詞-一般,,,和,,ウン,うん。,ウン,ウン,161.580,161.720,161.580,161.720,0,B
K008_001a,443,B,IC03_久美,あ,アッ,あっ,感動詞-一般,,,和,,ア,あ。,ア,ア,161.880,161.985,161.880,161.985,0,B
K008_001a,444,B,IC03_久美,そう,ソウ,そう,副詞,,,和,,ソウ,そう,ソー,ソー,162.057,162.655,162.057,162.655,0,B
K008_001a,445,I,IC03_久美,です,デス,です,助動詞,助動詞-デス,終止形-一般,和,,デス,です。,デス,デス,162.057,162.655,162.057,162.655,0,I
K008_001a,446,B,IC01_深石,ぼーっとし,ボウットスル,ぼうっとする,動詞-一般,サ行変格,連用形-一般,和,,ボウットスル,ぼーっとし,ボーットシ,ボーットシ,162.189,163.105,162.189,163.105,0,B
K008_001a,447,I,IC01_深石,て,テル,てる,助動詞,下一段-タ行,連用形-一般,和,,テル,て,テ,テ,162.189,163.105,162.189,163.105,0,I
K008_001a,448,I,IC01_深石,て,テ,て,助詞-接続助詞,,,和,,テ,て:。,テ,テー,162.189,163.105,162.189,163.105,0,I
K008_001a,449,B,IC03_久美,ごめん,ゴメン,御免,名詞-普通名詞-一般,,,漢,,ゴメン,ごめん。,ゴメン,ゴメン,162.655,162.951,162.655,162.951,0,B
K008_001a,450,B,IC03_久美,すいません,スミマセン,済みません,感動詞-一般,,,和,,スイマセヌ,(T すいません)。,スイマセン,スイマセン,163.516,164.139,163.516,164.139,0,B
K008_001a,451,B,IC02_鶴賀,で,デ,で,接続詞,,,和,,デ,で ,デ,デ,163.688,164.355,163.688,164.355,0,B
K008_001a,452,I,IC02_鶴賀,これ,コレ,此れ,代名詞,,,和,,コレ,これ,コレ,コレ,163.688,164.355,163.688,164.355,0,B
K008_001a,453,I,IC02_鶴賀,は,ハ,は,助詞-係助詞,,,和,,ハ,は。,ワ,ワ,163.688,164.355,163.688,164.355,0,I
K008_001a,454,B,IC02_鶴賀,で,デ,で,接続詞,,,和,,デ,で ,デ,デ,164.883,165.751,164.883,165.751,0,B
K008_001a,455,I,IC02_鶴賀,お茶,オチャ,御茶,名詞-普通名詞-一般,,,混,,オチャ,お茶:。,オチャ,オチャー,164.883,165.751,164.883,165.751,0,B
K008_001a,456,B,IC02_鶴賀,お,オッ,おっ,感動詞-一般,,,和,,オ,お。,オ,オ,167.186,167.359,167.186,167.359,0,B
K008_001a,457,B,IC02_鶴賀,これ,コレ,此れ,代名詞,,,和,,コレ,(U これ ,コレ,コレ,168.138,169.235,168.138,168.411,0,B
K008_001a,458,I,IC02_鶴賀,ちょ,チョット,一寸,副詞,,,和,,チョ,(G ちょっと|ちょ)),チョ,チョ,168.138,169.235,168.138,168.411,0,B
K008_001a,459,I,IC02_鶴賀,大丈夫,ダイジョウブ,大丈夫,形状詞-一般,,,漢,,ダイジョウブ,大丈夫?。,ダイジョーブ,ダイジョーブ,168.138,169.235,168.692,169.235,0,B
K008_001a,460,B,IC02_鶴賀,コ,,,言いよどみ,,,,,,(D コ),コ,コ,169.825,170.618,169.825,170.618,0,B
K008_001a,461,I,IC02_鶴賀,ちょっ,チョット,一寸,副詞,,,和,,チョッ,(G ちょっと|ちょっ) ,チョッ,チョッ,169.825,170.618,169.825,170.618,0,B
K008_001a,462,I,IC02_鶴賀,中,ナカ,中,名詞-普通名詞-一般,,,和,,ナカ,中,ナカ,ナカ,169.825,170.618,169.825,170.618,0,B
K008_001a,463,I,IC02_鶴賀,に,ニ,に,助詞-格助詞,,,和,,ニ,に。,ニ,ニ,169.825,170.618,169.825,170.618,0,I
K008_001a,464,B,IC02_鶴賀,あ,アッ,あっ,感動詞-一般,,,和,,ア,あ。,ア,ア,170.903,170.976,170.903,170.976,0,B
K008_001a,465,B,IC02_鶴賀,これ,コレ,此れ,代名詞,,,和,,コレ,これ ,コレ,コレ,171.036,172.304,171.036,172.304,0,B
K008_001a,466,I,IC02_鶴賀,写真,シャシン,写真,名詞-普通名詞-一般,,,漢,,シャシン,写真,シャシン,シャシン,171.036,172.304,171.036,172.304,0,I
K008_001a,467,I,IC02_鶴賀,は,ハ,は,助詞-係助詞,,,和,,ハ,は,ワ,ワ,171.036,172.304,171.036,172.304,0,I
K008_001a,468,I,IC02_鶴賀,撮っ,トル,取る,動詞-一般,五段-ラ行,連用形-促音便,和,,トル,撮っ,トッ,トッ,171.036,172.304,171.036,172.304,0,B
K008_001a,469,I,IC02_鶴賀,て,テル,てる,助動詞,下一段-タ行,未然形-一般,和,,テル,て,テ,テ,171.036,172.304,171.036,172.304,0,I
K008_001a,470,I,IC02_鶴賀,ない,ナイ,ない,助動詞,助動詞-ナイ,連体形-一般,和,,ナイ,ない,ナイ,ナイ,171.036,172.304,171.036,172.304,0,I
K008_001a,471,I,IC02_鶴賀,んでしょ,ノデス,のです,助動詞,助動詞-デス,意志推量形,和,,ンデス,んでしょ?。,ンデショ,ンデショ,171.036,172.304,171.036,172.304,0,I
K008_001a,472,B,IC03_久美,うん,ウン,うん,感動詞-一般,,,和,,ウン,うん。,ウン,ウン,172.982,173.167,172.982,173.167,0,B
K008_001a,473,B,IC01_深石,カメラ,カメラ,カメラ,名詞-普通名詞-一般,,,外,camera,カメラ,カメラ?。,カメラ,カメラ,173.218,173.751,173.218,173.751,0,B
K008_001a,474,B,IC03_久美,あー,アア,ああ,感動詞-一般,,,和,,アア,あー。,アー,アー,173.377,173.563,173.377,173.563,0,B
K008_001a,475,B,IC03_久美,カメラ,カメラ,カメラ,名詞-普通名詞-一般,,,外,camera,カメラ,カメラ,カメラ,カメラ,173.842,175.162,173.842,175.162,0,B
K008_001a,476,I,IC03_久美,が,ガ,が,助詞-格助詞,,,和,,ガ,が ,ガ,ガ,173.842,175.162,173.842,175.162,0,I
K008_001a,477,I,IC03_久美,ずっと,ズット,ずっと,副詞,,,和,,ズット,ず:っと,ズット,ズーット,173.842,175.162,173.842,175.162,0,B
K008_001a,478,I,IC03_久美,撮っ,トル,取る,動詞-一般,五段-ラ行,連用形-促音便,和,,トル,撮っ,トッ,トッ,173.842,175.162,173.842,175.162,0,B
K008_001a,479,I,IC03_久美,てる,テル,てる,助動詞,下一段-タ行,終止形-一般,和,,テル,てる。,テル,テル,173.842,175.162,173.842,175.162,0,I
K008_001a,480,B,IC01_深石,回っ,マワル,回る,動詞-一般,五段-ラ行,連用形-促音便,和,,マワル,回っ,マワッ,マワッ,174.982,175.821,174.982,175.821,0,B
K008_001a,481,I,IC01_深石,てる,テル,てる,助動詞,下一段-タ行,連体形-一般,和,,テル,てる,テル,テル,174.982,175.821,174.982,175.821,0,I
K008_001a,482,I,IC01_深石,んで,ノダ,のだ,助動詞,助動詞-ダ,連用形-一般,和,,ンダ,んで。,ンデ,ンデ,174.982,175.821,174.982,175.821,0,I
K008_001a,483,B,IC03_久美,これ,コレ,此れ,代名詞,,,和,,コレ,これ。,コレ,コレ,175.162,175.433,175.162,175.433,0,B
K008_001a,484,B,IC03_久美,回っ,マワル,回る,動詞-一般,五段-ラ行,連用形-促音便,和,,マワル,回っ,マワッ,マワッ,175.641,176.087,175.641,176.087,0,B
K008_001a,485,I,IC03_久美,てる,テル,てる,助動詞,下一段-タ行,終止形-一般,和,,テル,てる。,テル,テル,175.641,176.087,175.641,176.087,0,I
K008_001a,486,B,IC02_鶴賀,あ,アッ,あっ,感動詞-一般,,,和,,ア,あ。,ア,ア,176.078,176.162,176.078,176.162,0,B
K008_001a,487,B,IC02_鶴賀,くるくる,クルクル,くるくる,副詞,,,和,,クルクル,くるくる,クルクル,クルクル,176.209,176.941,176.209,176.941,0,B
K008_001a,488,I,IC02_鶴賀,回っ,マワル,回る,動詞-一般,五段-ラ行,連用形-促音便,和,,マワル,回っ,マワッ,マワッ,176.209,176.941,176.209,176.941,0,B
K008_001a,489,I,IC02_鶴賀,てん,テル,てる,助動詞,下一段-タ行,連体形-撥音便,和,,テル,てん,テン,テン,176.209,176.941,176.209,176.941,0,I
K008_001a,490,I,IC02_鶴賀,の,ノ,の,助詞-終助詞,,,和,,ノ,の。,ノ,ノ,176.209,176.941,176.209,176.941,0,I
K008_001a,491,B,IC03_久美,はい,ハイ,はい,感動詞-一般,,,和,,ハイ,はい ,ハイ,ハイ,176.561,176.998,176.561,176.998,0,B
K008_001a,492,I,IC03_久美,はい,ハイ,はい,感動詞-一般,,,和,,ハイ,はい。,ハイ,ハイ,176.561,176.998,176.561,176.998,0,B
K008_001a,493,B,IC02_鶴賀,カメラ,カメラ,カメラ,名詞-普通名詞-一般,,,外,camera,カメラ,カメラ,カメラ,カメラ,176.941,177.411,176.941,177.411,0,B
K008_001a,494,I,IC02_鶴賀,が,ガ,が,助詞-格助詞,,,和,,ガ,が。,ガ,ガ,176.941,177.411,176.941,177.411,0,I
K008_001a,495,B,IC03_久美,はい,ハイ,はい,感動詞-一般,,,和,,ハイ,はい。,ハイ,ハイ,177.424,177.757,177.424,177.757,0,B
K008_001a,496,B,IC02_鶴賀,あ,アッ,あっ,感動詞-一般,,,和,,ア,あ。,ア,ア,177.567,177.706,177.567,177.706,0,B
K008_001a,497,B,IC02_鶴賀,じゃあ,デ,で,接続詞,,,和,,ジャア,じゃあ ,ジャー,ジャー,177.747,178.209,177.747,178.209,0,B
K008_001a,498,I,IC02_鶴賀,これ,コレ,此れ,代名詞,,,和,,コレ,これ?。,コレ,コレ,177.747,178.209,177.747,178.209,0,B
K008_001a,499,B,IC02_鶴賀,あっ,アッ,あっ,感動詞-一般,,,和,,アッ,あっ。,アッ,アッ,179.302,179.428,179.302,179.428,0,B
K008_001a,500,B,IC02_鶴賀,これ,コレ,此れ,代名詞,,,和,,コレ,これ,コレ,コレ,179.618,180.784,179.618,180.784,0,B
K008_001a,501,I,IC02_鶴賀,深石さん,フカイシサン,深石さん,名詞-固有名詞-人名-姓,,,固,,フカイシサン,(R 深石)さん,フカイシサン,フカイシサン,179.618,180.784,179.618,180.784,1,B
K008_001a,502,I,IC02_鶴賀,の,ノ,の,助詞-準体助詞,,,和,,ノ,の,ノ,ノ,179.618,180.784,179.618,180.784,0,I
K008_001a,503,I,IC02_鶴賀,か,カ,か,助詞-終助詞,,,和,,カ,か。,カ,カ,179.618,180.784,179.618,180.784,0,I
K008_001a,504,B,IC03_久美,うん,ウン,うん,感動詞-一般,,,和,,ウン,うん ,ウン,ウン,180.443,180.794,180.443,180.794,0,B
K008_001a,505,I,IC03_久美,うん,ウン,うん,感動詞-一般,,,和,,ウン,うん。,ウン,ウン,180.443,180.794,180.443,180.794,0,B
K008_001a,506,B,IC01_深石,うん,ウン,うん,感動詞-一般,,,和,,ウン,うん。,ウン,ウン,181.345,181.493,181.345,181.493,0,B
K008_001a,507,B,IC01_深石,わたし,ワタシ,私,代名詞,,,和,,ワタシ,わたし ,ワタシ,ワタシ,181.571,182.362,181.571,182.362,0,B
K008_001a,508,I,IC01_深石,これ,コレ,此れ,代名詞,,,和,,コレ,これ,コレ,コレ,181.571,182.362,181.571,182.362,0,B
K008_001a,509,I,IC01_深石,で,デ,で,助詞-格助詞,,,和,,デ,で。,デ,デ,181.571,182.362,181.571,182.362,0,I
K008_001a,510,B,IC01_深石,あっ,アッ,あっ,感動詞-一般,,,和,,アッ,あっ。,アッ,アッ,182.518,182.679,182.518,182.679,0,B
K008_001a,511,B,IC02_鶴賀,うん,ウン,うん,感動詞-一般,,,和,,ウン,うん。,ウン,ウン,182.551,182.845,182.551,182.845,0,B
K008_001a,512,B,IC01_深石,ス,,,言いよどみ,,,,,,(D ス)。,ス,ス,182.679,182.799,182.679,182.799,0,B
K008_001a,513,B,IC02_鶴賀,あ,アッ,あっ,感動詞-一般,,,和,,ア,あ。,ア,ア,182.907,183.029,182.907,183.029,0,B
K008_001a,514,B,IC02_鶴賀,でも,デモ,でも,接続詞,,,和,,デモ,でも,デモ,デモ,183.029,184.542,183.029,184.542,0,B
K008_001a,515,I,IC02_鶴賀,ほら,ホラ,ほら,感動詞-一般,,,和,,ホラ,ほら ,ホラ,ホラ,183.029,184.542,183.029,184.542,0,B
K008_001a,516,I,IC02_鶴賀,お茶,オチャ,御茶,名詞-普通名詞-一般,,,混,,オチャ,お茶 ,オチャ,オチャ,183.029,184.542,183.029,184.542,0,B
K008_001a,517,I,IC02_鶴賀,お茶,オチャ,御茶,名詞-普通名詞-一般,,,混,,オチャ,お茶,オチャ,オチャ,183.029,184.542,183.029,184.542,0,B
K008_001a,518,I,IC02_鶴賀,も,モ,も,助詞-係助詞,,,和,,モ,も,モ,モ,183.029,184.542,183.029,184.542,0,I
K008_001a,519,I,IC02_鶴賀,ある,アル,有る,動詞-一般,五段-ラ行,終止形-一般,和,,アル,ある,アル,アル,183.029,184.542,183.029,184.542,0,B
K008_001a,520,I,IC02_鶴賀,から,カラ,から,助詞-接続助詞,,,和,,カラ,から:。,カラ,カラー,183.029,184.542,183.029,184.542,0,I
K008_001a,521,B,IC01_深石,すいません,スミマセン,済みません,感動詞-一般,,,和,,スイマセヌ,すいません。,スイマセン,スイマセン,183.228,183.781,183.228,183.781,0,B
K008_001a,522,B,IC01_深石,あ,アッ,あっ,感動詞-一般,,,和,,ア,あ。,ア,ア,183.781,183.942,183.781,183.942,0,B
K008_001a,523,B,IC01_深石,お茶,オチャ,御茶,名詞-普通名詞-一般,,,混,,オチャ,お茶。,オチャ,オチャ,183.942,184.289,183.942,184.289,0,B
K008_001a,524,B,IC01_深石,はい,ハイ,はい,感動詞-一般,,,和,,ハイ,はい。,ハイ,ハイ,184.289,184.562,184.289,184.562,0,B
K008_001a,525,B,IC01_深石,ありがとう,アリガトウ,有り難う,感動詞-一般,,,和,,アリガトウ,ありがとう,アリガトー,アリガトー,184.562,185.691,184.562,185.691,0,B
K008_001a,526,I,IC01_深石,ござい,ゴザル,御座る,動詞-一般,五段-ラ行,連用形-イ音便,混,,ゴザル,ござい,ゴザイ,ゴザイ,184.562,185.691,184.562,185.691,0,B
K008_001a,527,I,IC01_深石,ます,マス,ます,助動詞,助動詞-マス,終止形-一般,和,,マス,ます。,マス,マス,184.562,185.691,184.562,185.691,0,I
K008_001a,528,B,IC02_鶴賀,で,デ,で,接続詞,,,和,,デ,で ,デ,デ,186.315,187.434,186.315,187.434,0,B
K008_001a,529,I,IC02_鶴賀,これ,コレ,此れ,代名詞,,,和,,コレ,これ ,コレ,コレ,186.315,187.434,186.315,187.434,0,B
K008_001a,530,I,IC02_鶴賀,ここ,ココ,此処,代名詞,,,和,,ココ,ここ,ココ,ココ,186.315,187.434,186.315,187.434,0,B
K008_001a,531,I,IC02_鶴賀,に,ニ,に,助詞-格助詞,,,和,,ニ,に,ニ,ニ,186.315,187.434,186.315,187.434,0,I
K008_001a,532,I,IC02_鶴賀,置い,オク,置く,動詞-一般,五段-カ行,連用形-イ音便,和,,オク,置い,オイ,オイ,186.315,187.434,186.315,187.434,0,B
K008_001a,533,I,IC02_鶴賀,て,テ,て,助詞-接続助詞,,,和,,テ,て:。,テ,テー,186.315,187.434,186.315,187.434,0,I
K008_001a,534,B,IC02_鶴賀,で,デ,で,接続詞,,,和,,デ,で ,デ,デ,187.909,188.784,187.909,188.784,0,B
K008_001a,535,I,IC02_鶴賀,あと,アト,後,副詞,,,和,,アト,あと ,アト,アト,187.909,188.784,187.909,188.784,0,B
K008_001a,536,I,IC02_鶴賀,なん,ナニ,何,代名詞,,,和,,ナン,なん,ナン,ナン,187.909,188.784,187.909,188.784,0,B
K008_001a,537,I,IC02_鶴賀,だ,ダ,だ,助動詞,助動詞-ダ,終止形-一般,和,,ダ,だ,ダ,ダ,187.909,188.784,187.909,188.784,0,I
K008_001a,538,I,IC02_鶴賀,っけ,ケ,け,助詞-終助詞,,,和,,ッケ,っけ。,ッケ,ッケ,187.909,188.784,187.909,188.784,0,I
K008_001a,539,B,IC02_鶴賀,何,ナニ,何,代名詞,,,和,,ナニ,何,ナニ,ナニ,188.784,189.511,188.784,189.511,0,B
K008_001a,540,I,IC02_鶴賀,か,カ,か,助詞-副助詞,,,和,,カ,か,カ,カ,188.784,189.511,188.784,189.511,0,I
K008_001a,541,I,IC02_鶴賀,を,ヲ,を,助詞-格助詞,,,和,,ヲ,を,オ,オ,188.784,189.511,188.784,189.511,0,I
K008_001a,542,I,IC02_鶴賀,しよう,スル,する,動詞-一般,サ行変格,意志推量形,和,,スル,しよう。,シヨー,シヨー,188.784,189.511,188.784,189.511,0,B
K008_001a,543,B,IC02_鶴賀,＃＃,,,形態論情報付与対象外,,,,,,(T (X ＃＃),＃＃,＃＃,189.855,190.690,189.855,190.690,0,B
K008_001a,544,I,IC02_鶴賀,とこう,トク,とく,助動詞,五段-カ行,意志推量形,和,,トク,とこう,トコー,トコー,189.855,190.690,189.855,190.690,0,I
K008_001a,545,I,IC02_鶴賀,か,カ,か,助詞-終助詞,,,和,,カ,か,カ,カ,189.855,190.690,189.855,190.690,0,I
K008_001a,546,I,IC02_鶴賀,な,ナ,な,助詞-終助詞,,,和,,ナ,な)。,ナ,ナ,189.855,190.690,189.855,190.690,0,I
K008_001a,547,B,IC02_鶴賀,で,デ,で,接続詞,,,和,,デ,で。,デ,デ,192.181,192.352,192.181,192.352,0,B
K008_001a,548,B,IC02_鶴賀,うん,ウン,うん,感動詞-一般,,,和,,ウン,うん。,ウン,ウン,193.708,193.879,193.708,193.879,0,B
K008_001a,549,B,IC02_鶴賀,ありがと,アリガトウ,有り難う,感動詞-一般,,,和,,アリガト,あ:りがと。,アリガト,アーリガト,195.279,196.047,195.279,196.047,0,B
K008_001a,550,B,IC01_深石,おー,オオ,おお,感動詞-一般,,,和,,オオ,おー。,オー,オー,196.071,196.465,196.071,196.465,0,B
K008_001a,551,B,IC02_鶴賀,あ,アッ,あっ,感動詞-一般,,,和,,ア,あ。,ア,ア,196.497,196.633,196.497,196.633,0,B
K008_001a,552,B,IC02_鶴賀,大丈夫,ダイジョウブ,大丈夫,形状詞-一般,,,漢,,ダイジョウブ,大+{P-00196.885-00197.108}丈夫?。,ダイジョーブ,ダイジョーブ,196.633,197.664,196.633,197.664,0,B
K008_001a,553,B,IC01_深石,ちょっと,チョット,一寸,副詞,,,和,,チョット,(L ちょっと),チョット,チョット,197.108,198.468,197.108,198.468,0,B
K008_001a,554,I,IC01_深石,待っ,マツ,待つ,動詞-一般,五段-タ行,連用形-促音便,和,,マツ,待っ,マッ,マッ,197.108,198.468,197.108,198.468,0,B
K008_001a,555,I,IC01_深石,てください,テクダサル,てくださる,助動詞,五段-ラ行,命令形,和,,テクダサル,てください,テクダサイ,テクダサイ,197.108,198.468,197.108,198.468,0,I
K008_001a,556,I,IC01_深石,ね,ネ,ね,助詞-終助詞,,,和,,ネ,ね。,ネ,ネ,197.108,198.468,197.108,198.468,0,I
K008_001a,557,B,IC02_鶴賀,うん,ウン,うん,感動詞-一般,,,和,,ウン,うん。,ウン,ウン,198.538,198.824,198.538,198.824,0,B
K008_001a,558,B,IC01_深石,不器用,ブキヨウ,不器用,形状詞-一般,,,漢,,ブキヨウ,不器用,ブキヨー,ブキヨー,199.314,200.238,199.314,200.238,0,B
K008_001a,559,I,IC01_深石,だ,ダ,だ,助動詞,助動詞-ダ,終止形-一般,和,,ダ,だ,ダ,ダ,199.314,200.238,199.314,200.238,0,I
K008_001a,560,I,IC01_深石,から,カラ,から,助詞-接続助詞,,,和,,カラ,から。,カラ,カラ,199.314,200.238,199.314,200.238,0,I
K008_001a,561,B,IC01_深石,もう,モウ,もう,副詞,,,和,,モウ,もう。,モー,モー,200.238,200.451,200.238,200.451,0,B
K008_001a,562,B,IC02_鶴賀,んな,ソンナ,そんな,連体詞,,,和,,ンナ,んな,ンナ,ンナ,200.289,201.264,200.289,201.264,0,B
K008_001a,563,I,IC02_鶴賀,こと,コト,事,名詞-普通名詞-一般,,,和,,コト,こと,コト,コト,200.289,201.264,200.289,201.264,0,B
K008_001a,564,I,IC02_鶴賀,ない,ナイ,無い,形容詞-一般,形容詞,終止形-一般,和,,ナイ,ない,ナイ,ナイ,200.289,201.264,200.289,201.264,0,B
K008_001a,565,I,IC02_鶴賀,よ,ヨ,よ,助詞-終助詞,,,和,,ヨ,よ。,ヨ,ヨ,200.289,201.264,200.289,201.264,0,I
K008_001a,566,B,IC01_深石,はーい,ハイ,はい,感動詞-一般,,,和,,ハアイ,はーい。,ハーイ,ハーイ,201.509,201.835,201.509,201.835,0,B
K008_001a,567,B,IC02_鶴賀,それ,ソレ,其れ,代名詞,,,和,,ソレ,それ,ソレ,ソレ,201.560,202.284,201.560,202.284,0,B
K008_001a,568,I,IC02_鶴賀,が,ガ,が,助詞-格助詞,,,和,,ガ,が,ガ,ガ,201.560,202.284,201.560,202.284,0,I
K008_001a,569,I,IC02_鶴賀,さ,サ,さ,助詞-終助詞,,,和,,サ,さ。,サ,サ,201.560,202.284,201.560,202.284,0,I
K008_001a,570,B,IC01_深石,すいません,スミマセン,済みません,感動詞-一般,,,和,,スイマセヌ,すいません。,スイマセン,スイマセン,201.835,202.683,201.835,202.683,0,B
K008_001a,571,B,IC01_深石,鶴賀さん,ツルガサン,鶴賀さん,名詞-固有名詞-人名-姓,,,固,,ツルガサン,(R 鶴賀)さん,ツルガサン,ツルガサン,203.048,204.369,203.048,204.369,1,B
K008_001a,572,I,IC01_深石,は,ハ,は,助詞-係助詞,,,和,,ハ,は,ワ,ワ,203.048,204.369,203.048,204.369,0,I
K008_001a,573,I,IC01_深石,優しい,ヤサシイ,優しい,形容詞-一般,形容詞,終止形-一般,和,,ヤサシイ,優しい,ヤサシー,ヤサシー,203.048,204.369,203.048,204.369,0,B
K008_001a,574,I,IC01_深石,から,カラ,から,助詞-接続助詞,,,和,,カラ,から。,カラ,カラ,203.048,204.369,203.048,204.369,0,I
K008_001a,575,B,IC02_鶴賀,◇,,,形態論情報付与対象外,,,,,,(L ◇),◇,◇,204.965,205.360,204.965,205.360,0,B
K008_001a,576,B,IC01_深石,うん,ウン,うん,感動詞-一般,,,和,,ウン,(U うん)。,ウン,ウン,205.086,205.266,205.086,205.266,0,B
K008_001a,577,B,IC03_久美,これ,コレ,此れ,代名詞,,,和,,コレ,これ,コレ,コレ,205.594,206.901,205.594,206.901,0,B
K008_001a,578,I,IC03_久美,は,ハ,は,助詞-係助詞,,,和,,ハ,は,ワ,ワ,205.594,206.901,205.594,206.901,0,I
K008_001a,579,I,IC03_久美,何,ナニ,何,代名詞,,,和,,ナニ,何,ナニ,ナニ,205.594,206.901,205.594,206.901,0,B
K008_001a,580,I,IC03_久美,が,ガ,が,助詞-格助詞,,,和,,ガ,が,ガ,ガ,205.594,206.901,205.594,206.901,0,I
K008_001a,581,I,IC03_久美,入っ,ハイル,入る,動詞-一般,五段-ラ行,連用形-促音便,和,,ハイル,入っ,ハイッ,ハイッ,205.594,206.901,205.594,206.901,0,B
K008_001a,582,I,IC03_久美,て,テル,てる,助動詞,下一段-タ行,連体形-省略,和,,テル,て,テ,テ,205.594,206.901,205.594,206.901,0,I
K008_001a,583,I,IC03_久美,んです,ノデス,のです,助動詞,助動詞-デス,終止形-一般,和,,ンデス,んです,ンデス,ンデス,205.594,206.901,205.594,206.901,0,I
K008_001a,584,I,IC03_久美,か,カ,か,助詞-終助詞,,,和,,カ,か?。,カ,カ,205.594,206.901,205.594,206.901,0,I
K008_001a,585,B,IC01_深石,はい,ハイ,はい,感動詞-一般,,,和,,ハイ,はい。,ハイ,ハイ,206.399,206.495,206.399,206.495,0,B
K008_001a,586,B,IC03_久美,オーブン,オーブン,オーブン,名詞-普通名詞-一般,,,外,oven,オーブン,オーブン,オーブン,オーブン,206.901,207.761,206.901,207.761,0,B
K008_001a,587,I,IC03_久美,は,ハ,は,助詞-係助詞,,,和,,ハ,は。,ワ,ワ,206.901,207.761,206.901,207.761,0,I
K008_001a,588,B,IC02_鶴賀,それ,ソレ,其れ,代名詞,,,和,,ソレ,それ,ソレ,ソレ,206.979,210.111,206.979,207.779,0,B
K008_001a,589,I,IC02_鶴賀,は,ハ,は,助詞-係助詞,,,和,,ハ,は:,ワ,ワー,206.979,210.111,206.979,207.779,0,I
K008_001a,590,I,IC02_鶴賀,ス,,,言いよどみ,,,,,,(D ス) ,ス,ス,206.979,210.111,207.996,210.111,0,B
K008_001a,591,I,IC02_鶴賀,今,イマ,今,名詞-普通名詞-一般,,,和,,イマ,今 ,イマ,イマ,206.979,210.111,207.996,210.111,0,B
K008_001a,592,I,IC02_鶴賀,だ,ダ,だ,助動詞,助動詞-ダ,終止形-一般,和,,ダ,だ ,ダ,ダ,206.979,210.111,207.996,210.111,0,I
K008_001a,593,I,IC02_鶴賀,スープストック,スープストック,スープストック,名詞-普通名詞-一般,,,外,,スープストック,スープストック,スープストック,スープストック,206.979,210.111,207.996,210.111,0,B
K008_001a,594,I,IC02_鶴賀,作っ,ツクル,作る,動詞-一般,五段-ラ行,連用形-促音便,和,,ツクル,作っ,ツクッ,ツクッ,206.979,210.111,207.996,210.111,0,B
K008_001a,595,I,IC02_鶴賀,てん,テル,てる,助動詞,下一段-タ行,連体形-撥音便,和,,テル,てん,テン,テン,206.979,210.111,207.996,210.111,0,I
K008_001a,596,I,IC02_鶴賀,の,ノ,の,助詞-終助詞,,,和,,ノ,の。,ノ,ノ,206.979,210.111,207.996,210.111,0,I
K008_001a,597,B,IC03_久美,おー,オオ,おお,感動詞-一般,,,和,,オオ,おー。,オー,オー,210.277,210.760,210.277,210.760,0,B
K008_001a,598,B,IC02_鶴賀,そう,ソウ,そう,副詞,,,和,,ソウ,そう,ソー,ソー,210.502,213.480,210.502,213.480,0,B
K008_001a,599,I,IC02_鶴賀,する,スル,する,動詞-一般,サ行変格,終止形-一般,和,,スル,する,スル,スル,210.502,213.480,210.502,213.480,0,B
K008_001a,600,I,IC02_鶴賀,と,ト,と,助詞-接続助詞,,,和,,ト,と: ,ト,トー,210.502,213.480,210.502,213.480,0,I
K008_001a,601,I,IC02_鶴賀,だ,ダ,だ,助動詞,助動詞-ダ,終止形-一般,和,,ダ,(U だ,ダ,ダ,210.502,213.480,210.502,213.480,0,I
K008_001a,602,I,IC02_鶴賀,って,ッテ,って,助詞-副助詞,,,和,,ッテ,って) ,ッテ,ッテ,210.502,213.480,210.502,213.480,0,I
K008_001a,603,I,IC02_鶴賀,まだ,マダ,未だ,副詞,,,和,,マダ,まだ ,マダ,マダ,210.502,213.480,210.502,213.480,0,B
K008_001a,604,I,IC02_鶴賀,暖房,ダンボウ,暖房,名詞-普通名詞-一般,,,漢,,ダンボウ,暖房,ダンボー,ダンボー,210.502,213.480,210.502,213.480,0,B
K008_001a,605,I,IC02_鶴賀,入れる,イレル,入れる,動詞-一般,下一段-ラ行,終止形-一般,和,,イレル,入れる,イレル,イレル,210.502,213.480,210.502,213.480,0,B
K008_001a,606,I,IC02_鶴賀,に,ニ,に,助詞-格助詞,,,和,,ニ,に,ニ,ニ,210.502,213.480,210.502,213.480,0,I
K008_001a,607,I,IC02_鶴賀,は,ハ,は,助詞-係助詞,,,和,,ハ,は,ワ,ワ,210.502,213.480,210.502,213.480,0,I
K008_001a,608,I,IC02_鶴賀,ちょっと,チョット,一寸,副詞,,,和,,チョット,ちょっと,チョット,チョット,210.502,213.480,210.502,213.480,0,B
K008_001a,609,I,IC02_鶴賀,早い,ハヤイ,早い,形容詞-一般,形容詞,終止形-一般,和,,ハヤイ,早い,ハヤイ,ハヤイ,210.502,213.480,210.502,213.480,0,B
K008_001a,610,I,IC02_鶴賀,でしょう,デス,です,助動詞,助動詞-デス,意志推量形,和,,デス,でしょう?。,デショー,デショー,210.502,213.480,210.502,213.480,0,I
K008_001a,611,B,IC01_深石,え,エッ,えっ,感動詞-一般,,,和,,エ,え。,エ,エ,211.099,211.226,211.099,211.226,0,B
K008_001a,612,B,IC01_深石,何,ナニ,何,代名詞,,,和,,ナニ,何 ,ナニ,ナニ,211.226,211.971,211.226,211.971,0,B
K008_001a,613,I,IC01_深石,何,ナニ,何,代名詞,,,和,,ナニ,何?。,ナニ,ナニ,211.226,211.971,211.226,211.971,0,I
K008_001a,614,B,IC03_久美,あ,アッ,あっ,感動詞-一般,,,和,,ア,あ。,ア,ア,213.256,213.341,213.256,213.341,0,B
K008_001a,615,B,IC03_久美,はーい,ハイ,はい,感動詞-一般,,,和,,ハアイ,はーい。,ハーイ,ハーイ,213.341,213.785,213.341,213.785,0,B
K008_001a,616,B,IC02_鶴賀,主人,シュジン,主人,名詞-普通名詞-一般,,,漢,,シュジン,主人,シュジン,シュジン,214.224,215.827,214.224,215.827,0,B
K008_001a,617,I,IC02_鶴賀,が,ガ,が,助詞-格助詞,,,和,,ガ,が,ガ,ガ,214.224,215.827,214.224,215.827,0,I
K008_001a,618,I,IC02_鶴賀,暖房,ダンボウ,暖房,名詞-普通名詞-一般,,,漢,,ダンボウ,暖房,ダンボー,ダンボー,214.224,215.827,214.224,215.827,0,B
K008_001a,619,I,IC02_鶴賀,入れれ,イレル,入れる,動詞-一般,下一段-ラ行,仮定形-一般,和,,イレル,入れれ,イレレ,イレレ,214.224,215.827,214.224,215.827,0,B
K008_001a,620,I,IC02_鶴賀,ばいい,バイイ,ばいい,助動詞,形容詞,終止形-一般,和,,バイイ,ばいい,バイー,バイー,214.224,215.827,214.224,215.827,0,I
K008_001a,621,I,IC02_鶴賀,って,ッテ,って,助詞-副助詞,,,和,,ッテ,って,ッテ,ッテ,214.224,215.827,214.224,215.827,0,I
K008_001a,622,I,IC02_鶴賀,ゆう,イウ,言う,動詞-一般,五段-ワア行,連体形-一般,和,,ユウ,(W ユ|ゆう),ユー,ユ,214.224,215.827,214.224,215.827,0,B
K008_001a,623,I,IC02_鶴賀,んだ,ノダ,のだ,助動詞,助動詞-ダ,終止形-一般,和,,ンダ,んだ,ンダ,ンダ,214.224,215.827,214.224,215.827,0,I
K008_001a,624,I,IC02_鶴賀,けど,ケレド,けれど,助詞-接続助詞,,,和,,ケド,けど。,ケド,ケド,214.224,215.827,214.224,215.827,0,I
K008_001a,625,B,IC01_深石,へー,ヘエ,へえ,感動詞-一般,,,和,,ヘエ,へー。,ヘー,ヘー,214.577,215.565,214.577,215.565,0,B
K008_001a,626,B,IC02_鶴賀,ま,マア,まあ,副詞,,,和,,マ,(G まあ|ま) ,マ,マ,215.827,217.437,215.827,216.462,0,B
K008_001a,627,I,IC02_鶴賀,暖房,ダンボウ,暖房,名詞-普通名詞-一般,,,漢,,ダンボウ,暖房,ダンボー,ダンボー,215.827,217.437,215.827,216.462,0,B
K008_001a,628,I,IC02_鶴賀,イ,,,言いよどみ,,,,,,(D イ),イ,イ,215.827,217.437,215.827,216.462,0,B
K008_001a,629,I,IC02_鶴賀,暖房,ダンボウ,暖房,名詞-普通名詞-一般,,,漢,,ダンボウ,暖房,ダンボー,ダンボー,215.827,217.437,216.824,217.437,0,B
K008_001a,630,I,IC02_鶴賀,入れる,イレル,入れる,動詞-一般,下一段-ラ行,終止形-一般,和,,イレル,(W イレ|入れる)。,イレル,イレ,215.827,217.437,216.824,217.437,0,B
K008_001a,631,B,IC03_久美,ふん,フン,ふん,感動詞-一般,,,和,,フン,(U ふん ,フン,フン,215.884,216.264,215.884,216.264,0,B
K008_001a,632,I,IC03_久美,ふん,フン,ふん,感動詞-一般,,,和,,フン,ふん)。,フン,フン,215.884,216.264,215.884,216.264,0,B
K008_001a,633,B,IC01_深石,ううん,ウウン,ううん,感動詞-一般,,,和,,ウウン,ううん。,ウーン,ウーン,216.043,216.261,216.043,216.261,0,B
K008_001a,634,B,IC01_深石,だいじょぶ,ダイジョウブ,大丈夫,形状詞-一般,,,漢,,ダイジョブ,だいじょぶ,ダイジョブ,ダイジョブ,216.261,217.042,216.261,217.042,0,B
K008_001a,635,I,IC01_深石,です,デス,です,助動詞,助動詞-デス,終止形-一般,和,,デス,です。,デス,デス,216.261,217.042,216.261,217.042,0,I
K008_001a,636,B,IC03_久美,うん,ウン,うん,感動詞-一般,,,和,,ウン,うん。,ウン,ウン,216.792,216.941,216.792,216.941,0,B
K008_001a,637,B,IC03_久美,そこ,ソコ,其処,代名詞,,,和,,ソコ,そこ,ソコ,ソコ,216.941,218.301,216.941,218.301,0,B
K008_001a,638,I,IC03_久美,まで,マデ,まで,助詞-副助詞,,,和,,マデ,まで,マデ,マデ,216.941,218.301,216.941,218.301,0,I
K008_001a,639,I,IC03_久美,は,ハ,は,助詞-係助詞,,,和,,ハ,は,ワ,ワ,216.941,218.301,216.941,218.301,0,I
K008_001a,640,I,IC03_久美,ない,ナイ,無い,形容詞-一般,形容詞,終止形-一般,和,,ナイ,ない,ナイ,ナイ,216.941,218.301,216.941,218.301,0,I
K008_001a,641,I,IC03_久美,と,ト,と,助詞-格助詞,,,和,,ト,と,ト,ト,216.941,218.301,216.941,218.301,0,I
K008_001a,642,I,IC03_久美,思う,オモウ,思う,動詞-一般,五段-ワア行,終止形-一般,和,,オモウ,思う。,オモウ,オモウ,216.941,218.301,216.941,218.301,0,B
K008_001a,643,B,IC03_久美,ナ,,,言いよどみ,,,,,,(D ナ) ,ナ,ナ,218.301,221.654,218.301,220.177,0,B
K008_001a,644,I,IC03_久美,あと,アト,後,副詞,,,和,,アト,あと,アト,アト,218.301,221.654,218.301,220.177,0,B
K008_001a,645,I,IC03_久美,飲め,ノム,飲む,動詞-一般,下一段-マ行,連用形-一般,和,,ノメル,飲め ,ノメ,ノメ,218.301,221.654,218.301,220.177,0,B
K008_001a,646,I,IC03_久美,飲ん,ノム,飲む,動詞-一般,五段-マ行,連用形-撥音便,和,,ノム,飲ん,ノン,ノン,218.301,221.654,218.301,220.177,0,B
K008_001a,647,I,IC03_久美,で,テ,て,助詞-接続助詞,,,和,,デ,で,デ,デ,218.301,221.654,218.301,220.177,0,I
K008_001a,648,I,IC03_久美,食べ,タベル,食べる,動詞-一般,下一段-バ行,連用形-一般,和,,タベル,食べ,タベ,タベ,218.301,221.654,218.301,220.177,0,B
K008_001a,649,I,IC03_久美,たら,タ,た,助動詞,助動詞-タ,仮定形-一般,和,,タ,たら:,タラ,タラー,218.301,221.654,218.301,220.177,0,I
K008_001a,650,I,IC03_久美,暖かく,アタタカイ,温かい,形容詞-一般,形容詞,連用形-一般,和,,アタタカイ,(L 暖かく,アタタカク,アタタカク,218.301,221.654,220.615,221.654,0,B
K008_001a,651,I,IC03_久美,なん,ナル,成る,動詞-一般,五段-ラ行,未然形-撥音便,和,,ナル,なん,ナン,ナン,218.301,221.654,220.615,221.654,0,B
K008_001a,652,I,IC03_久美,ない,ナイ,ない,助動詞,助動詞-ナイ,終止形-一般,和,,ナイ,ない)。,ナイ,ナイ,218.301,221.654,220.615,221.654,0,I
K008_001a,653,B,IC01_深石,うん,ウン,うん,感動詞-一般,,,和,,ウン,うん。,ウン,ウン,218.464,218.679,218.464,218.679,0,B
K008_001a,654,B,IC01_深石,全然,ゼンゼン,全然,副詞,,,漢,,ゼンゼン,全然。,ゼンゼン,ゼンゼン,219.179,219.682,219.179,219.682,0,B
K008_001a,655,B,IC02_鶴賀,あったかく,アタタカイ,温かい,形容詞-一般,形容詞,連用形-一般,和,,アッタカイ,あ:ったかく,アッタカク,アーッタカク,220.104,221.288,220.104,221.288,0,B
K008_001a,656,I,IC02_鶴賀,なる,ナル,成る,動詞-一般,五段-ラ行,終止形-一般,和,,ナル,なる,ナル,ナル,220.104,221.288,220.104,221.288,0,B
K008_001a,657,I,IC02_鶴賀,から,カラ,から,助詞-接続助詞,,,和,,カラ,から,カラ,カラ,220.104,221.288,220.104,221.288,0,I
K008_001a,658,I,IC02_鶴賀,ね,ネ,ね,助詞-終助詞,,,和,,ネ,ね。,ネ,ネ,220.104,221.288,220.104,221.288,0,I
K008_001a,659,B,IC01_深石,全然,ゼンゼン,全然,副詞,,,漢,,ゼンゼン,全然 ,ゼンゼン,ゼンゼン,221.119,222.267,221.119,222.267,0,B
K008_001a,660,I,IC01_深石,大丈夫,ダイジョウブ,大丈夫,形状詞-一般,,,漢,,ダイジョウブ,大丈夫。,ダイジョーブ,ダイジョーブ,221.119,222.267,221.119,222.267,0,B
K008_001a,661,B,IC02_鶴賀,で,デ,で,接続詞,,,和,,デ,で,デ,デ,221.653,229.133,221.653,221.787,0,B
K008_001a,662,I,IC02_鶴賀,で,デ,で,接続詞,,,和,,デ,で ,デ,デ,221.653,229.133,221.958,223.681,0,B
K008_001a,663,I,IC02_鶴賀,で,デ,で,接続詞,,,和,,デ,で ,デ,デ,221.653,229.133,221.958,223.681,0,B
K008_001a,664,I,IC02_鶴賀,たぶん,タブン,多分,副詞,,,漢,,タブン,たぶん ,タブン,タブン,221.653,229.133,221.958,223.681,0,B
K008_001a,665,I,IC02_鶴賀,深石さん,フカイシサン,深石さん,名詞-固有名詞-人名-姓,,,固,,フカイシサン,(R 深石)さん,フカイシサン,フカイシサン,221.653,229.133,221.958,223.681,1,B
K008_001a,666,I,IC02_鶴賀,も,モ,も,助詞-係助詞,,,和,,モ,も:,モ,モー,221.653,229.133,221.958,223.681,0,I
K008_001a,667,I,IC02_鶴賀,あの,アノ,あの,感動詞-フィラー,,,和,,アノ,(F あの) ,アノ,アノ,221.653,229.133,224.903,226.747,0,B
K008_001a,668,I,IC02_鶴賀,久美ちゃん,クミチャン,久美ちゃん,名詞-固有名詞-人名-名,,,固,,クミチャン,(R 久美)ちゃん,クミチャン,クミチャン,221.653,229.133,224.903,226.747,1,B
K008_001a,669,I,IC02_鶴賀,も,モ,も,助詞-係助詞,,,和,,モ,も,モ,モ,221.653,229.133,224.903,226.747,0,I
K008_001a,670,I,IC02_鶴賀,一軒家,イッケンヤ,一軒家,名詞-普通名詞-一般,,,混,,イッケンヤ,一軒家,イッケンヤ,イッケンヤ,221.653,229.133,224.903,226.747,0,B
K008_001a,671,I,IC02_鶴賀,に,ニ,に,助詞-格助詞,,,和,,ニ,に,ニ,ニ,221.653,229.133,224.903,226.747,0,I
K008_001a,672,I,IC02_鶴賀,住ん,スム,住む,動詞-一般,五段-マ行,連用形-撥音便,和,,スム,住ん,スン,スン,221.653,229.133,224.903,226.747,0,B
K008_001a,673,I,IC02_鶴賀,でる,テル,てる,助動詞,下一段-ダ行,終止形-一般,和,,デル,でる,デル,デル,221.653,229.133,224.903,226.747,0,I
K008_001a,674,I,IC02_鶴賀,から,カラ,から,助詞-接続助詞,,,和,,カラ,から:,カラ,カラー,221.653,229.133,224.903,226.747,0,I
K008_001a,675,I,IC02_鶴賀,そこ,ソコ,其処,代名詞,,,和,,ソコ,そこ,ソコ,ソコ,221.653,229.133,227.433,229.133,0,B
K008_001a,676,I,IC02_鶴賀,に,ニ,に,助詞-格助詞,,,和,,ニ,に,ニ,ニ,221.653,229.133,227.433,229.133,0,I
K008_001a,677,I,IC02_鶴賀,比べ,クラベル,比べる,動詞-一般,下一段-バ行,連用形-一般,和,,クラベル,比べ,クラベ,クラベ,221.653,229.133,227.433,229.133,0,B
K008_001a,678,I,IC02_鶴賀,て,テ,て,助詞-接続助詞,,,和,,テ,て,テ,テ,221.653,229.133,227.433,229.133,0,I
K008_001a,679,I,IC02_鶴賀,暖かい,アタタカイ,温かい,形容詞-一般,形容詞,終止形-一般,和,,アタタカイ,暖かい,アタタカイ,アタタカイ,221.653,229.133,227.433,229.133,0,B
K008_001a,680,I,IC02_鶴賀,と,ト,と,助詞-格助詞,,,和,,ト,と,ト,ト,221.653,229.133,227.433,229.133,0,I
K008_001a,681,I,IC02_鶴賀,思う,オモウ,思う,動詞-一般,五段-ワア行,連体形-一般,和,,オモウ,思う,オモウ,オモウ,221.653,229.133,227.433,229.133,0,B
K008_001a,682,I,IC02_鶴賀,の,ノ,の,助詞-準体助詞,,,和,,ノ,の,ノ,ノ,221.653,229.133,227.433,229.133,0,I
K008_001a,683,I,IC02_鶴賀,よ,ヨ,よ,助詞-終助詞,,,和,,ヨ,よ。,ヨ,ヨ,221.653,229.133,227.433,229.133,0,I
K008_001a,684,B,IC03_久美,うん,ウン,うん,感動詞-一般,,,和,,ウン,うん。,ウン,ウン,222.188,222.498,222.188,222.498,0,B
K008_001a,685,B,IC01_深石,うん,ウン,うん,感動詞-一般,,,和,,ウン,うん ,ウン,ウン,228.841,229.464,228.841,229.464,0,B
K008_001a,686,I,IC01_深石,うん,ウン,うん,感動詞-一般,,,和,,ウン,うん。,ウン,ウン,228.841,229.464,228.841,229.464,0,B
K008_001a,687,B,IC03_久美,あっ,アッ,あっ,感動詞-一般,,,和,,アッ,あっ。,アッ,アッ,228.967,229.107,228.967,229.107,0,B
K008_001a,688,B,IC03_久美,全然,ゼンゼン,全然,副詞,,,漢,,ゼンゼン,全(K ゼ:ン|然)。,ゼンゼン,ゼンゼーン,229.505,230.097,229.505,230.097,0,B
K008_001a,689,B,IC03_久美,底冷えする,ソコビエスル,底冷えする,動詞-一般,サ行変格,終止形-一般,和,,ソコビエスル,(L 底冷えする,ソコビエスル,ソコビエスル,230.301,231.411,230.301,231.411,0,B
K008_001a,690,I,IC03_久美,から,カラ,から,助詞-接続助詞,,,和,,カラ,から)。,カラ,カラ,230.301,231.411,230.301,231.411,0,I
K008_001a,691,B,IC03_久美,一軒家,イッケンヤ,一軒家,名詞-普通名詞-一般,,,混,,イッケンヤ,一軒家,イッケンヤ,イッケンヤ,232.061,232.662,232.061,232.662,0,B
K008_001a,692,I,IC03_久美,は,ハ,は,助詞-係助詞,,,和,,ハ,は。,ワ,ワ,232.061,232.662,232.061,232.662,0,I
K008_001a,693,B,IC01_深石,うち,ウチ,家,名詞-普通名詞-一般,,,和,,ウチ,うち,ウチ,ウチ,232.212,234.605,232.212,234.605,0,B
K008_001a,694,I,IC01_深石,は,ハ,は,助詞-係助詞,,,和,,ハ,は ,ワ,ワ,232.212,234.605,232.212,234.605,0,I
K008_001a,695,I,IC01_深石,二階リビング,ニカイリビング,二階リビング,名詞-普通名詞-一般,,,混,,ニカイリビング,二階リビング,ニカイリビング,ニカイリビング,232.212,234.605,232.212,234.605,0,B
K008_001a,696,I,IC01_深石,だ,ダ,だ,助動詞,助動詞-ダ,終止形-一般,和,,ダ,(U だ,ダ,ダ,232.212,234.605,232.212,234.605,0,I
K008_001a,697,I,IC01_深石,から,カラ,から,助詞-接続助詞,,,和,,カラ,から) ,カラ,カラ,232.212,234.605,232.212,234.605,0,I
K008_001a,698,I,IC01_深石,一階,イッカイ,一階,名詞-数詞,,,漢,,イッカイ,一階,イッカイ,イッカイ,232.212,234.605,232.212,234.605,0,B
K008_001a,699,I,IC01_深石,に,ニ,に,助詞-格助詞,,,和,,ニ,に,ニ,ニ,232.212,234.605,232.212,234.605,0,I
K008_001a,700,I,IC01_深石,は,ハ,は,助詞-係助詞,,,和,,ハ,は,ワ,ワ,232.212,234.605,232.212,234.605,0,I
K008_001a,701,I,IC01_深石,行き,イク,行く,動詞-一般,五段-カ行,連用形-一般,和,,イク,行き,イキ,イキ,232.212,234.605,232.212,234.605,0,B
K008_001a,702,I,IC01_深石,たく,タイ,たい,助動詞,助動詞-タイ,連用形-一般,和,,タイ,たく,タク,タク,232.212,234.605,232.212,234.605,0,I
K008_001a,703,I,IC01_深石,ない,ナイ,無い,形容詞-一般,形容詞,終止形-一般,和,,ナイ,(L ない)。,ナイ,ナイ,232.212,234.605,232.212,234.605,0,I
K008_001a,704,B,IC03_久美,行き,イク,行く,動詞-一般,五段-カ行,連用形-一般,和,,イク,(L 行き,イキ,イキ,234.594,235.288,234.594,235.288,0,B
K008_001a,705,I,IC03_久美,たく,タイ,たい,助動詞,助動詞-タイ,連用形-一般,和,,タイ,たく,タク,タク,234.594,235.288,234.594,235.288,0,I
K008_001a,706,I,IC03_久美,ない,ナイ,無い,形容詞-一般,形容詞,終止形-一般,和,,ナイ,ない)。,ナイ,ナイ,234.594,235.288,234.594,235.288,0,I
K008_001a,707,B,IC01_深石,◇,,,形態論情報付与対象外,,,,,,(L ◇),◇,◇,234.605,235.246,234.605,235.246,0,B
K008_001a,708,B,IC01_深石,もう,モウ,もう,副詞,,,和,,モウ,もう。,モー,モー,235.858,236.201,235.858,236.201,0,B
K008_001a,709,B,IC02_鶴賀,あー,アア,ああ,感動詞-一般,,,和,,アア,あー。,アー,アー,236.178,236.588,236.178,236.588,0,B
K008_001a,710,B,IC02_鶴賀,そう,ソウ,そう,副詞,,,和,,ソウ,そう,ソー,ソー,236.588,237.369,236.588,237.369,0,B
K008_001a,711,I,IC02_鶴賀,な,ダ,だ,助動詞,助動詞-ダ,連体形-一般,和,,ダ,な,ナ,ナ,236.588,237.369,236.588,237.369,0,I
K008_001a,712,I,IC02_鶴賀,んだ,ノダ,のだ,助動詞,助動詞-ダ,終止形-一般,和,,ンダ,んだ。,ンダ,ンダ,236.588,237.369,236.588,237.369,0,I
K008_001a,713,B,IC01_深石,そう,ソウ,そう,副詞,,,和,,ソウ,そう。,ソー,ソー,236.823,237.090,236.823,237.090,0,B
K008_001a,714,B,IC01_深石,一階,イッカイ,一階,名詞-数詞,,,漢,,イッカイ,一階,イッカイ,イッカイ,237.090,238.523,237.090,238.523,0,B
K008_001a,715,I,IC01_深石,は,ハ,は,助詞-係助詞,,,和,,ハ,は ,ワ,ワ,237.090,238.523,237.090,238.523,0,I
K008_001a,716,I,IC01_深石,ほんと,ホントウ,本当,名詞-普通名詞-一般,,,漢,,ホント,ほんと,ホント,ホント,237.090,238.523,237.090,238.523,0,B
K008_001a,717,I,IC01_深石,寒い,サムイ,寒い,形容詞-一般,形容詞,終止形-一般,和,,サムイ,寒い。,サムイ,サムイ,237.090,238.523,237.090,238.523,0,B
K008_001a,718,B,IC03_久美,うん,ウン,うん,感動詞-一般,,,和,,ウン,うん。,ウン,ウン,237.092,237.258,237.092,237.258,0,B
K008_001a,719,B,IC02_鶴賀,サー,,,言いよどみ,,,,,,(D サー)。,サー,サー,238.341,238.675,238.341,238.675,0,B
K008_001a,720,B,IC02_鶴賀,ね,ネ,ね,助詞-終助詞,,,和,,ネ,ね。,ネ,ネ,238.675,238.854,238.675,238.854,0,B
K008_001a,721,B,IC02_鶴賀,寒い,サムイ,寒い,形容詞-一般,形容詞,終止形-一般,和,,サムイ,寒い,サムイ,サムイ,238.854,239.691,238.854,239.691,0,B
K008_001a,722,I,IC02_鶴賀,よ,ヨ,よ,助詞-終助詞,,,和,,ヨ,よ,ヨ,ヨ,238.854,239.691,238.854,239.691,0,I
K008_001a,723,I,IC02_鶴賀,ね,ネ,ね,助詞-終助詞,,,和,,ネ,ね?。,ネ,ネ,238.854,239.691,238.854,239.691,0,I
K008_001a,724,B,IC01_深石,うーん,ウン,うん,感動詞-一般,,,和,,ウーン,うーん。,ウーン,ウーン,239.334,239.865,239.334,239.865,0,B
K008_001a,725,B,IC03_久美,うーん,ウン,うん,感動詞-一般,,,和,,ウーン,うーん。,ウーン,ウーン,239.695,240.367,239.695,240.367,0,B
K008_001a,726,B,IC01_深石,一戸建て,イッコダテ,一戸建て,名詞-普通名詞-一般,,,混,,イッコダテ,一戸建て,イッコダテ,イッコダテ,239.981,241.884,239.981,241.884,0,B
K008_001a,727,I,IC01_深石,って,ッテ,って,助詞-副助詞,,,和,,ッテ,って,ッテ,ッテ,239.981,241.884,239.981,241.884,0,I
K008_001a,728,I,IC01_深石,寒い,サムイ,寒い,形容詞-一般,形容詞,終止形-一般,和,,サムイ,寒い,サムイ,サムイ,239.981,241.884,239.981,241.884,0,B
K008_001a,729,I,IC01_深石,です,デス,です,助動詞,助動詞-デス,終止形-一般,和,,デス,です,デス,デス,239.981,241.884,239.981,241.884,0,I
K008_001a,730,I,IC01_深石,よ,ヨ,よ,助詞-終助詞,,,和,,ヨ,よ,ヨ,ヨ,239.981,241.884,239.981,241.884,0,I
K008_001a,731,I,IC01_深石,ね,ネ,ね,助詞-終助詞,,,和,,ネ,ね:。,ネ,ネー,239.981,241.884,239.981,241.884,0,I
K008_001a,732,B,IC03_久美,あー,アア,ああ,感動詞-一般,,,和,,アア,(U あー)。,アー,アー,241.021,241.700,241.021,241.700,0,B
K008_001a,733,B,IC01_深石,草島さん,クサジマサン,草島さん,名詞-固有名詞-人名-姓,,,固,,クサジマサン,(R 草%島)さん,クサジマサン,クサッジマサン,242.823,245.313,242.823,245.313,1,B
K008_001a,734,I,IC01_深石,は,ハ,は,助詞-係助詞,,,和,,ハ,は ,ワ,ワ,242.823,245.313,242.823,245.313,0,I
K008_001a,735,I,IC01_深石,寝室,シンシツ,寝室,名詞-普通名詞-一般,,,漢,,シンシツ,(W シシツ|寝室),シンシツ,シシツ,242.823,245.313,242.823,245.313,0,B
K008_001a,736,I,IC01_深石,寝室,シンシツ,寝室,名詞-普通名詞-一般,,,漢,,シンシツ,寝室,シンシツ,シンシツ,242.823,245.313,242.823,245.313,0,B
K008_001a,737,I,IC01_深石,が,ガ,が,助詞-格助詞,,,和,,ガ,が,ガ,ガ,242.823,245.313,242.823,245.313,0,I
K008_001a,738,I,IC01_深石,二階,ニカイ,二階,名詞-数詞,,,漢,,ニカイ,二階,ニカイ,ニカイ,242.823,245.313,242.823,245.313,0,B
K008_001a,739,I,IC01_深石,です,デス,です,助動詞,助動詞-デス,終止形-一般,和,,デス,です,デス,デス,242.823,245.313,242.823,245.313,0,I
K008_001a,740,I,IC01_深石,か,カ,か,助詞-終助詞,,,和,,カ,か?。,カ,カ,242.823,245.313,242.823,245.313,0,I
K008_001a,741,B,IC03_久美,二階,ニカイ,二階,名詞-数詞,,,漢,,ニカイ,二階,ニカイ,ニカイ,245.135,245.787,245.135,245.787,0,B
K008_001a,742,I,IC03_久美,です,デス,です,助動詞,助動詞-デス,終止形-一般,和,,デス,です。,デス,デス,245.135,245.787,245.135,245.787,0,I
K008_001a,743,B,IC03_久美,はい,ハイ,はい,感動詞-一般,,,和,,ハイ,はい。,ハイ,ハイ,245.787,246.091,245.787,246.091,0,B
K008_001a,744,B,IC01_深石,ね,ネ,ね,助詞-終助詞,,,和,,ネ,ね:。,ネ,ネー,245.937,246.742,245.937,246.742,0,B
K008_001a,745,B,IC03_久美,あ,アッ,あっ,感動詞-一般,,,和,,ア,あ ,ア,ア,246.091,246.430,246.091,246.430,0,B
K008_001a,746,I,IC03_久美,あ,アッ,あっ,感動詞-一般,,,和,,ア,あ。,ア,ア,246.091,246.430,246.091,246.430,0,B
K008_001a,747,B,IC03_久美,ま,マア,まあ,副詞,,,和,,マ,(G まあ|ま) ,マ,マ,246.430,247.554,246.430,247.554,0,B
K008_001a,748,I,IC03_久美,居間,イマ,居間,名詞-普通名詞-一般,,,和,,イマ,居間,イマ,イマ,246.430,247.554,246.430,247.554,0,B
K008_001a,749,I,IC03_久美,も,モ,も,助詞-係助詞,,,和,,モ,も,モ,モ,246.430,247.554,246.430,247.554,0,I
K008_001a,750,I,IC03_久美,二階,ニカイ,二階,名詞-数詞,,,漢,,ニカイ,二階,ニカイ,ニカイ,246.430,247.554,246.430,247.554,0,B
K008_001a,751,I,IC03_久美,で,デ,で,助詞-格助詞,,,和,,デ,で。,デ,デ,246.430,247.554,246.430,247.554,0,I
K008_001a,752,B,IC03_久美,だから,ダカラ,だから,接続詞,,,和,,ダカラ,だから,ダカラ,ダカラ,247.554,252.578,247.554,250.29,0,B
K008_001a,753,I,IC03_久美,一階,イッカイ,一階,名詞-数詞,,,漢,,イッカイ,一階,イッカイ,イッカイ,247.554,252.578,247.554,250.29,0,B
K008_001a,754,I,IC03_久美,は,ハ,は,助詞-係助詞,,,和,,ハ,は,ワ,ワ,247.554,252.578,247.554,250.29,0,I
K008_001a,755,I,IC03_久美,台所,ダイドコロ,台所,名詞-普通名詞-一般,,,混,,ダイドコロ,台所,ダイドコロ,ダイドコロ,247.554,252.578,247.554,250.29,0,B
K008_001a,756,I,IC03_久美,と,ト,と,助詞-格助詞,,,和,,ト,と ,ト,ト,247.554,252.578,247.554,250.29,0,I
K008_001a,757,I,IC03_久美,お風呂場,オフロバ,御風呂場,名詞-普通名詞-一般,,,和,,オフロバ,お風呂場,オフロバ,オフロバ,247.554,252.578,247.554,250.29,0,B
K008_001a,758,I,IC03_久美,と,ト,と,助詞-格助詞,,,和,,ト,と,ト,ト,247.554,252.578,247.554,250.29,0,I
K008_001a,759,I,IC03_久美,か,カ,か,助詞-副助詞,,,和,,カ,か ,カ,カ,247.554,252.578,247.554,250.29,0,I
K008_001a,760,I,IC03_久美,あと,アト,後,名詞-普通名詞-一般,,,和,,アト,あと,アト,アト,247.554,252.578,247.554,250.29,0,B
K008_001a,761,I,IC03_久美,姑,シュウトメ,姑,名詞-普通名詞-一般,,,和,,シュウトメ,姑,シュートメ,シュートメ,247.554,252.578,250.92,251.879,0,B
K008_001a,762,I,IC03_久美,の,ノ,の,助詞-格助詞,,,和,,ノ,の,ノ,ノ,247.554,252.578,250.92,251.879,0,I
K008_001a,763,I,IC03_久美,部屋,ヘヤ,部屋,名詞-普通名詞-一般,,,和,,ヘヤ,部屋:,ヘヤ,ヘヤー,247.554,252.578,250.92,251.879,0,B
K008_001a,764,I,IC03_久美,が,ガ,が,助詞-格助詞,,,和,,ガ,が ,ガ,ガ,247.554,252.578,251.998,252.578,0,I
K008_001a,765,I,IC03_久美,ある,アル,有る,動詞-一般,五段-ラ行,終止形-一般,和,,アル,ある,アル,アル,247.554,252.578,251.998,252.578,0,B
K008_001a,766,I,IC03_久美,けど,ケレド,けれど,助詞-接続助詞,,,和,,ケド,けど。,ケド,ケド,247.554,252.578,251.998,252.578,0,I
K008_001a,767,B,IC01_深石,うん,ウン,うん,感動詞-一般,,,和,,ウン,うん ,ウン,ウン,249.115,249.646,249.115,249.646,0,B
K008_001a,768,I,IC01_深石,うん,ウン,うん,感動詞-一般,,,和,,ウン,うん。,ウン,ウン,249.115,249.646,249.115,249.646,0,B
K008_001a,769,B,IC02_鶴賀,ちょっと,チョット,一寸,副詞,,,和,,チョット,(T ちょっと)。,チョット,チョット,251.309,251.743,251.309,251.743,0,B
K008_001a,770,B,IC02_鶴賀,うん,ウン,うん,感動詞-一般,,,和,,ウン,(T うん)。,ウン,ウン,252.418,252.617,252.418,252.617,0,B
K008_001a,771,B,IC03_久美,今,イマ,今,副詞,,,和,,イマ,今 ,イマ,イマ,252.578,253.955,252.578,253.955,0,B
K008_001a,772,I,IC03_久美,使っ,ツカウ,使う,動詞-一般,五段-ワア行,連用形-促音便,和,,ツカウ,使っ,ツカッ,ツカッ,252.578,253.955,252.578,253.955,0,B
K008_001a,773,I,IC03_久美,て,テル,てる,助動詞,下一段-タ行,未然形-一般,和,,テル,て,テ,テ,252.578,253.955,252.578,253.955,0,I
K008_001a,774,I,IC03_久美,ない,ナイ,ない,助動詞,助動詞-ナイ,終止形-一般,和,,ナイ,ない,ナイ,ナイ,252.578,253.955,252.578,253.955,0,I
K008_001a,775,I,IC03_久美,から,カラ,から,助詞-接続助詞,,,和,,カラ,から:。,カラ,カラー,252.578,253.955,252.578,253.955,0,I
K008_001a,776,B,IC01_深石,うーん,ウン,うん,感動詞-一般,,,和,,ウーン,うーん。,ウーン,ウーン,252.594,253.041,252.594,253.041,0,B
K008_001a,777,B,IC01_深石,うーん,ウン,うん,感動詞-一般,,,和,,ウーン,うーん。,ウーン,ウーン,253.728,254.089,253.728,254.089,0,B
K008_001a,778,B,IC02_鶴賀,じゃあ,デ,で,接続詞,,,和,,ジャア,じゃあ ,ジャー,ジャー,254.224,255.915,254.224,255.915,0,B
K008_001a,779,I,IC02_鶴賀,乾杯しよう,カンパイスル,乾杯する,動詞-一般,サ行変格,意志推量形,混,,カンパイスル,乾杯しよう。,カンパイシヨー,カンパイシヨー,254.224,255.915,254.224,255.915,0,B
K008_001a,780,B,IC03_久美,はーい,ハイ,はい,感動詞-一般,,,和,,ハアイ,はーい。,ハーイ,ハーイ,255.251,255.605,255.251,255.605,0,B
K008_001a,781,B,IC02_鶴賀,カン,,,言いよどみ,,,,,,(D カン)。,カン,カン,255.915,256.242,255.915,256.242,0,B
K008_001a,782,B,IC03_久美,はい,ハイ,はい,感動詞-一般,,,和,,ハイ,はい。,ハイ,ハイ,256.942,257.092,256.942,257.092,0,B
K008_001a,783,B,IC03_久美,乾杯,カンパイ,乾杯,名詞-普通名詞-一般,,,漢,,カンパイ,乾(K パ:イ|杯)。,カンパイ,カンパーイ,257.179,257.887,257.179,257.887,0,B
K008_001a,784,B,IC01_深石,はい,ハイ,はい,感動詞-一般,,,和,,ハイ,はい。,ハイ,ハイ,257.400,257.640,257.400,257.640,0,B
K008_001a,785,B,IC02_鶴賀,はーい,ハイ,はい,感動詞-一般,,,和,,ハアイ,はーい。,ハーイ,ハーイ,257.418,258.197,257.418,258.197,0,B
K008_001a,786,B,IC01_深石,乾杯,カンパイ,乾杯,名詞-普通名詞-一般,,,漢,,カンパイ,乾杯。,カンパイ,カンパイ,257.640,258.179,257.640,258.179,0,B
K008_001a,787,B,IC03_久美,お疲れさま,オツカレサマ,御疲れ様,名詞-普通名詞-一般,,,和,,オツカレサマ,お疲れさま,オツカレサマ,オツカレサマ,257.887,259.256,257.887,259.256,0,B
K008_001a,788,I,IC03_久美,です,デス,です,助動詞,助動詞-デス,終止形-一般,和,,デス,で:す。,デス,デース,257.887,259.256,257.887,259.256,0,I
K008_001a,789,B,IC01_深石,ありがと,アリガトウ,有り難う,感動詞-一般,,,和,,アリガト,ありがと,アリガト,アリガト,258.179,260.485,258.179,260.485,0,B
K008_001a,790,I,IC01_深石,ござい,ゴザル,御座る,動詞-一般,五段-ラ行,連用形-イ音便,混,,ゴザル,ござい,ゴザイ,ゴザイ,258.179,260.485,258.179,260.485,0,B
K008_001a,791,I,IC01_深石,ます,マス,ます,助動詞,助動詞-マス,終止形-一般,和,,マス,ま:す:。,マス,マースー,258.179,260.485,258.179,260.485,0,I
K008_001a,792,B,IC02_鶴賀,乾杯,カンパイ,乾杯,名詞-普通名詞-一般,,,漢,,カンパイ,(K カ:ン|乾)杯。,カンパイ,カーンパイ,258.197,259.110,258.197,259.110,0,B
K008_001a,793,B,IC02_鶴賀,いいえー,イイエ,いいえ,感動詞-一般,,,和,,イイエエ,いいえー。,イーエー,イーエー,259.110,260.400,259.110,260.400,0,B
K008_001a,794,B,IC03_久美,ありがとう,アリガトウ,有り難う,感動詞-一般,,,和,,アリガトウ,ありがとう,アリガトー,アリガトー,259.256,260.486,259.256,260.486,0,B
K008_001a,795,I,IC03_久美,ござい,ゴザル,御座る,動詞-一般,五段-ラ行,連用形-イ音便,混,,ゴザル,ござい,ゴザイ,ゴザイ,259.256,260.486,259.256,260.486,0,B
K008_001a,796,I,IC03_久美,ます,マス,ます,助動詞,助動詞-マス,終止形-一般,和,,マス,ます。,マス,マス,259.256,260.486,259.256,260.486,0,I
K008_001a,797,B,IC02_鶴賀,うん,ウン,うん,感動詞-一般,,,和,,ウン,(T うん)。,ウン,ウン,263.825,263.948,263.825,263.948,0,B
K008_001a,798,B,IC02_鶴賀,ふん,フン,ふん,感動詞-一般,,,和,,フン,(T ふん)。,フン,フン,264.165,264.282,264.165,264.282,0,B
K008_001a,799,B,IC02_鶴賀,で,デ,で,接続詞,,,和,,デ,で。,デ,デ,265.924,266.127,265.924,266.127,0,B
K008_001a,800,B,IC01_深石,うーん,ウン,うん,感動詞-一般,,,和,,ウーン,うーん。,ウーン,ウーン,265.947,266.403,265.947,266.403,0,B
K008_001a,801,B,IC02_鶴賀,もう,モウ,もう,副詞,,,和,,モウ,(W モ|もう) ,モー,モ,267.524,268.506,267.524,268.506,0,B
K008_001a,802,I,IC02_鶴賀,直箸,ジカバシ,直箸,名詞-普通名詞-一般,,,混,,ジカバシ,(Y ジカバシ|直箸),ジカバシ,ジカバシ,267.524,268.506,267.524,268.506,0,B
K008_001a,803,I,IC02_鶴賀,で,デ,で,助詞-格助詞,,,和,,デ,で,デ,デ,267.524,268.506,267.524,268.506,0,I
K008_001a,804,I,IC02_鶴賀,いい,ヨイ,良い,形容詞-一般,形容詞,終止形-一般,和,,イイ,いい,イー,イー,267.524,268.506,267.524,268.506,0,B
K008_001a,805,I,IC02_鶴賀,よ,ヨ,よ,助詞-終助詞,,,和,,ヨ,よ,ヨ,ヨ,267.524,268.506,267.524,268.506,0,I
K008_001a,806,I,IC02_鶴賀,ね,ネ,ね,助詞-終助詞,,,和,,ネ,ね?。,ネ,ネ,267.524,268.506,267.524,268.506,0,I
K008_001a,807,B,IC03_久美,はい,ハイ,はい,感動詞-一般,,,和,,ハイ,はい。,ハイ,ハイ,268.830,268.984,268.830,268.984,0,B
K008_001a,808,B,IC03_久美,あ,アッ,あっ,感動詞-一般,,,和,,ア,あ。,ア,ア,269.068,269.166,269.068,269.166,0,B
K008_001a,809,B,IC03_久美,失礼,シツレイ,失礼,名詞-普通名詞-一般,,,漢,,シツレイ,失礼。,シツレー,シツレー,269.408,269.862,269.408,269.862,0,B
K008_001a,810,B,IC02_鶴賀,あ,アッ,あっ,感動詞-一般,,,和,,ア,あ。,ア,ア,269.712,269.846,269.712,269.846,0,B
K008_001a,811,B,IC02_鶴賀,全然,ゼンゼン,全然,副詞,,,漢,,ゼンゼン,全然,ゼンゼン,ゼンゼン,269.846,270.813,269.846,270.813,0,B
K008_001a,812,I,IC02_鶴賀,大丈夫,ダイジョウブ,大丈夫,形状詞-一般,,,漢,,ダイジョウブ,大丈夫,ダイジョーブ,ダイジョーブ,269.846,270.813,269.846,270.813,0,B
K008_001a,813,I,IC02_鶴賀,よ,ヨ,よ,助詞-終助詞,,,和,,ヨ,よ。,ヨ,ヨ,269.846,270.813,269.846,270.813,0,I
K008_001a,814,B,IC02_鶴賀,で,デ,で,接続詞,,,和,,デ,で,デ,デ,271.615,274.025,271.615,271.709,0,B
K008_001a,815,I,IC02_鶴賀,これ,コレ,此れ,代名詞,,,和,,コレ,これ,コレ,コレ,271.615,274.025,271.864,272.369,0,B
K008_001a,816,I,IC02_鶴賀,を,ヲ,を,助詞-格助詞,,,和,,ヲ,を,オ,オ,271.615,274.025,271.864,272.369,0,I
K008_001a,817,I,IC02_鶴賀,そ,ソウ,そう,副詞,,,和,,ソ,(G そう|そ),ソ,ソ,271.615,274.025,272.787,274.025,0,B
K008_001a,818,I,IC02_鶴賀,すれ,スル,する,動詞-一般,サ行変格,仮定形-一般,和,,スル,すれ,スレ,スレ,271.615,274.025,272.787,274.025,0,B
K008_001a,819,I,IC02_鶴賀,ば,バ,ば,助詞-接続助詞,,,和,,バ,ば ,バ,バ,271.615,274.025,272.787,274.025,0,I
K008_001a,820,I,IC02_鶴賀,ス,,,言いよどみ,,,,,,(D ス) ,ス,ス,271.615,274.025,272.787,274.025,0,B
K008_001a,821,I,IC02_鶴賀,ここ,ココ,此処,代名詞,,,和,,ココ,ここ ,ココ,ココ,271.615,274.025,272.787,274.025,0,B
K008_001a,822,I,IC02_鶴賀,置ける,オク,置く,動詞-一般,下一段-カ行,終止形-一般,和,,オケル,置ける,オケル,オケル,271.615,274.025,272.787,274.025,0,B
K008_001a,823,I,IC02_鶴賀,でしょ,デス,です,助動詞,助動詞-デス,意志推量形,和,,デス,でしょ。,デショ,デショ,271.615,274.025,272.787,274.025,0,I
K008_001a,824,B,IC02_鶴賀,ス,,,言いよどみ,,,,,,(D ス),ス,ス,274.091,274.788,274.091,274.788,0,B
K008_001a,825,I,IC02_鶴賀,アスパラガス,アスパラガス,アスパラガス,名詞-普通名詞-一般,,,外,asparagus,アスパラガス,アスパラガス。,アスパラガス,アスパラガス,274.091,274.788,274.091,274.788,0,B
K008_001a,826,B,IC02_鶴賀,ス,,,言いよどみ,,,,,,(D ス) ,ス,ス,274.788,275.500,274.788,275.500,0,B
K008_001a,827,I,IC02_鶴賀,ここ,ココ,此処,代名詞,,,和,,ココ,ここ,ココ,ココ,274.788,275.500,274.788,275.500,0,B
K008_001a,828,I,IC02_鶴賀,の,ノ,の,助詞-格助詞,,,和,,ノ,の,ノ,ノ,274.788,275.500,274.788,275.500,0,I
K008_001a,829,I,IC02_鶴賀,上,ウエ,上,名詞-普通名詞-一般,,,和,,ウエ,上,ウエ,ウエ,274.788,275.500,274.788,275.500,0,B
K008_001a,830,I,IC02_鶴賀,に,ニ,に,助詞-格助詞,,,和,,ニ,に。,ニ,ニ,274.788,275.500,274.788,275.500,0,I
K008_001a,831,B,IC01_深石,あー,アア,ああ,感動詞-一般,,,和,,アア,あー ,アー,アー,275.615,275.922,275.615,275.922,0,B
K008_001a,832,I,IC01_深石,あ,アッ,あっ,感動詞-一般,,,和,,ア,あ。,ア,ア,275.615,275.922,275.615,275.922,0,B
K008_001a,833,B,IC02_鶴賀,うん,ウン,うん,感動詞-一般,,,和,,ウン,うん ,ウン,ウン,275.835,276.239,275.835,276.239,0,B
K008_001a,834,I,IC02_鶴賀,うん,ウン,うん,感動詞-一般,,,和,,ウン,うん。,ウン,ウン,275.835,276.239,275.835,276.239,0,B
K008_001a,835,B,IC01_深石,はい,ハイ,はい,感動詞-一般,,,和,,ハイ,はい ,ハイ,ハイ,275.922,276.467,275.922,276.467,0,B
K008_001a,836,I,IC01_深石,はい,ハイ,はい,感動詞-一般,,,和,,ハイ,はい ,ハイ,ハイ,275.922,276.467,275.922,276.467,0,B
K008_001a,837,I,IC01_深石,はい,ハイ,はい,感動詞-一般,,,和,,ハイ,はい。,ハイ,ハイ,275.922,276.467,275.922,276.467,0,B
K008_001a,838,B,IC01_深石,ぼーっとし,ボウットスル,ぼうっとする,動詞-一般,サ行変格,連用形-一般,和,,ボウットスル,ぼーっとし,ボーットシ,ボーットシ,276.467,277.286,276.467,277.286,0,B
K008_001a,839,I,IC01_深石,ちゃっ,チャウ,ちゃう,助動詞,五段-ワア行,連用形-促音便,和,,チャウ,ちゃっ,チャッ,チャッ,276.467,277.286,276.467,277.286,0,I
K008_001a,840,I,IC01_深石,た,タ,た,助動詞,助動詞-タ,終止形-一般,和,,タ,た。,タ,タ,276.467,277.286,276.467,277.286,0,I
K008_001a,841,B,IC02_鶴賀,で,デ,で,接続詞,,,和,,デ,で。,デ,デ,276.879,277.044,276.879,277.044,0,B
K008_001a,842,B,IC03_久美,ごめんなさい,ゴメンナサイ,御免為さい,感動詞-一般,,,混,,ゴメンナサル,(T (U ごめんなさい))。,ゴメンナサイ,ゴメンナサイ,284.506,285.468,284.506,285.468,0,B
K008_001a,843,B,IC01_深石,うん,ウン,うん,感動詞-一般,,,和,,ウン,(T うん)。,ウン,ウン,285.473,285.768,285.473,285.768,0,B
K008_001a,844,B,IC01_深石,おいしい,オイシイ,美味しい,形容詞-一般,形容詞,終止形-一般,和,,オイシイ,おいしい。,オイシー,オイシー,290.342,290.825,290.342,290.825,0,B
K008_001a,845,B,IC01_深石,◇,,,形態論情報付与対象外,,,,,,(L ◇),◇,◇,291.169,291.903,291.169,291.903,0,B
K008_001a,846,B,IC03_久美,おいしかっ,オイシイ,美味しい,形容詞-一般,形容詞,連用形-促音便,和,,オイシイ,おいしかっ,オイシカッ,オイシカッ,291.346,292.363,291.346,292.363,0,B
K008_001a,847,I,IC03_久美,た,タ,た,助動詞,助動詞-タ,終止形-一般,和,,タ,た,タ,タ,291.346,292.363,291.346,292.363,0,I
K008_001a,848,I,IC03_久美,です,デス,です,助動詞,助動詞-デス,終止形-一般,和,,デス,です,デス,デス,291.346,292.363,291.346,292.363,0,I
K008_001a,849,I,IC03_久美,ね,ネ,ね,助詞-終助詞,,,和,,ネ,ね。,ネ,ネ,291.346,292.363,291.346,292.363,0,I
K008_001a,850,B,IC01_深石,ふん,フン,ふん,感動詞-一般,,,和,,フン,(L ふん)。,フン,フン,291.903,292.134,291.903,292.134,0,B
K008_001a,851,B,IC03_久美,はい,ハイ,はい,感動詞-一般,,,和,,ハイ,はい。,ハイ,ハイ,292.363,292.746,292.363,292.746,0,B
K008_001a,852,B,IC01_深石,おいしい,オイシイ,美味しい,形容詞-一般,形容詞,終止形-一般,和,,オイシイ,おいしい。,オイシー,オイシー,292.440,292.911,292.440,292.911,0,B
K008_001a,853,B,IC01_深石,ありがとう,アリガトウ,有り難う,感動詞-一般,,,和,,アリガトウ,ありがとう,アリガトー,アリガトー,293.052,294.013,293.052,294.013,0,B
K008_001a,854,I,IC01_深石,ござい,ゴザル,御座る,動詞-一般,五段-ラ行,連用形-イ音便,混,,ゴザル,(U ござい,ゴザイ,ゴザイ,293.052,294.013,293.052,294.013,0,B
K008_001a,855,I,IC01_深石,ます,マス,ます,助動詞,助動詞-マス,終止形-一般,和,,マス,ます)。,マス,マス,293.052,294.013,293.052,294.013,0,I
K008_001a,856,B,IC02_鶴賀,きょう,キョウ,今日,名詞-普通名詞-一般,,,和,,キョウ,(T きょう,キョー,キョー,295.457,296.830,295.457,296.830,0,B
K008_001a,857,I,IC02_鶴賀,は,ハ,は,助詞-係助詞,,,和,,ハ,は,ワ,ワ,295.457,296.830,295.457,296.830,0,I
K008_001a,858,I,IC02_鶴賀,横,ヨコ,横,名詞-普通名詞-一般,,,和,,ヨコ,横,ヨコ,ヨコ,295.457,296.830,295.457,296.830,0,B
K008_001a,859,I,IC02_鶴賀,に,ニ,に,助詞-格助詞,,,和,,ニ,に ,ニ,ニ,295.457,296.830,295.457,296.830,0,I
K008_001a,860,I,IC02_鶴賀,こう,コウ,こう,副詞,,,和,,コウ,こう,コー,コー,295.457,296.830,295.457,296.830,0,B
K008_001a,861,I,IC02_鶴賀,切っ,キル,切る,動詞-一般,五段-ラ行,連用形-促音便,和,,キル,切っ,キッ,キッ,295.457,296.830,295.457,296.830,0,B
K008_001a,862,I,IC02_鶴賀,ちゃお,チャウ,ちゃう,助動詞,五段-ワア行,意志推量形,和,,チャウ,ちゃお)。,チャオ,チャオ,295.457,296.830,295.457,296.830,0,I
K008_001a,863,B,IC03_久美,すごい,スゴイ,凄い,形容詞-一般,形容詞,終止形-一般,和,,スゴイ,すご:い。,スゴイ,スゴーイ,298.666,299.553,298.666,299.553,0,B
K008_001a,864,B,IC02_鶴賀,で,デ,で,接続詞,,,和,,デ,で ,デ,デ,299.755,302.827,299.755,300.66,0,B
K008_001a,865,I,IC02_鶴賀,あと,アト,後,名詞-普通名詞-一般,,,和,,アト,あと,アト,アト,299.755,302.827,299.755,300.66,0,B
K008_001a,866,I,IC02_鶴賀,は,ハ,は,助詞-係助詞,,,和,,ハ,は,ワ,ワ,299.755,302.827,299.755,300.66,0,I
K008_001a,867,I,IC02_鶴賀,さ,サ,さ,助詞-終助詞,,,和,,サ,さ:,サ,サー,299.755,302.827,299.755,300.66,0,I
K008_001a,868,I,IC02_鶴賀,ちょっと,チョット,一寸,副詞,,,和,,チョット,ちょっと ,チョット,チョット,299.755,302.827,302.292,302.827,0,B
K008_001a,869,I,IC02_鶴賀,もう,モウ,もう,副詞,,,和,,モウ,もう。,モー,モー,299.755,302.827,302.292,302.827,0,B
K008_001a,870,B,IC02_鶴賀,ちょっと,チョット,一寸,副詞,,,和,,チョット,ちょっと ,チョット,チョット,307.417,308.129,307.417,308.129,0,B
K008_001a,871,I,IC02_鶴賀,持っ,モツ,持つ,動詞-一般,五段-タ行,連用形-促音便,和,,モツ,持っ,モッ,モッ,307.417,308.129,307.417,308.129,0,B
K008_001a,872,I,IC02_鶴賀,て,テル,てる,助動詞,下一段-タ行,連用形-一般,和,,テル,て,テ,テ,307.417,308.129,307.417,308.129,0,I
K008_001a,873,I,IC02_鶴賀,て,テ,て,助詞-接続助詞,,,和,,テ,て。,テ,テ,307.417,308.129,307.417,308.129,0,I
K008_001a,874,B,IC02_鶴賀,こう,コウ,こう,副詞,,,和,,コウ,こう。,コー,コー,308.129,308.291,308.129,308.291,0,B
K008_001a,875,B,IC02_鶴賀,ソイ,,,形態論情報付与対象外,,,,,,(X ソイ)。,ソイ,ソイ,311.482,311.713,311.482,311.713,0,B
